기준년월,휴게소내판매순위,휴게소코드,휴게소명,매장코드,매장명,판매상품SEQ,판매상품명
2025-11,1,S000001,서울만남(부산)휴게소,0025,말죽거리한식당,1100000709,말죽거리소고기국밥
2025-11,2,S000001,서울만남(부산)휴게소,0146,돈가스잔치,1100040400,(돈가스잔치)옛날돈가스
2025-11,3,S000001,서울만남(부산)휴게소,0133,효원당,1100035951,우리밀 호두과자(14개입)
2025-11,4,S000001,서울만남(부산)휴게소,0133,효원당,1100035950,우리밀 호두과자 선물용(24개입)
2025-11,5,S000001,서울만남(부산)휴게소,0133,효원당,1100006220,(알뜰간식)우리밀 호두과자(7개입)
2025-11,1,S000003,죽전(서울)휴게소,0097,우동전문점,1100045433,부산어묵우동7500
2025-11,2,S000003,죽전(서울)휴게소,0097,우동전문점,1100045427,유부우동6500
2025-11,3,S000003,죽전(서울)휴게소,0002,자율식당,1100000464,대구따로국밥
2025-11,4,S000003,죽전(서울)휴게소,0002,자율식당,1100042722,(자율식당)단배추된장국
2025-11,5,S000003,죽전(서울)휴게소,0007,호도과자,1100035083,호두과자(15개입)
2025-11,1,S000005,기흥(부산)휴게소,0158,북창동순두부,1100001864,북창동순두부
2025-11,2,S000005,기흥(부산)휴게소,0159,애햄부대찌개,1100017382,아이스 카라멜마끼아또
2025-11,3,S000005,기흥(부산)휴게소,0149,크로커다일,1300000666,크로커다일_100000
2025-11,4,S000005,기흥(부산)휴게소,0146,코바코02,1100034555,(실속상품)ex-라면
2025-11,5,S000005,기흥(부산)휴게소,0140,올떡,1100003119,(알뜰간식)옛날핫도그
2025-11,1,S000009,안성(부산)휴게소,0072,1.안성국밥,1100023467,안성국밥
2025-11,2,S000009,안성(부산)휴게소,0058,2.소머리국밥,1100027561,한우소머리국밥
2025-11,3,S000009,안성(부산)휴게소,0061,5.열린매장 A,1100033804,맥반석오징어(8000)
2025-11,4,S000009,안성(부산)휴게소,0058,2.소머리국밥,1100031699,한우육개장
2025-11,5,S000009,안성(부산)휴게소,0075,1.한식,1100033465,32.해물순두부찌개(표준레시피)
2025-11,1,S000011,입장거봉포도(서울)휴게소,0134,호두과자(18년직영),1100006261,호두과자(20개입)
2025-11,2,S000011,입장거봉포도(서울)휴게소,0001,입장반상1,1100033292,흑돼지김치찌개
2025-11,3,S000011,입장거봉포도(서울)휴게소,0181,박순자아우내순대,1100000713,박순자순대국밥
2025-11,4,S000011,입장거봉포도(서울)휴게소,0050,탐앤탐스(커피),1100045794,(탐앤탐스)ICE아메리카노(T)
2025-11,5,S000011,입장거봉포도(서울)휴게소,0050,탐앤탐스(커피),1100045803,(탐앤탐스)HOT아메리카노(T)
2025-11,1,S000013,망향(부산)휴게소,0012,501_호두과자,1100035951,우리밀호두과자6000
2025-11,2,S000013,망향(부산)휴게소,0001,101_한국관,1100040880,명품한우국밥
2025-11,3,S000013,망향(부산)휴게소,0049,701_양식당,1100042788,등심돈가스
2025-11,4,S000013,망향(부산)휴게소,0012,501_호두과자,1100035952,(알뜰간식)우리밀호두과자3500
2025-11,5,S000013,망향(부산)휴게소,0123,403_곤지암소머리국밥,1100040878,곤지암한우소머리국밥
2025-11,1,S000015,천안삼거리(서울)휴게소,0008,350_호두과자1,1100021753,명품호두과자(20개입)
2025-11,2,S000015,천안삼거리(서울)휴게소,0008,350_호두과자1,1100006289,명품호두과자 선물용(42개입)
2025-11,3,S000015,천안삼거리(서울)휴게소,0008,350_호두과자1,1100038187,(알뜰간식)호두과자(10개입)
2025-11,4,S000015,천안삼거리(서울)휴게소,0008,350_호두과자1,1100003879,호두파슈 선물용(42개입)
2025-11,5,S000015,천안삼거리(서울)휴게소,0154,돈까스전문점(외),1100001443,수제돈까스
2025-11,1,S000017,천안호두(부산)휴게소,0020,호두과자코너,1100035951,우리밀호두과자(16개입)
2025-11,2,S000017,천안호두(부산)휴게소,0020,호두과자코너,1100036597,우리밀호두과자(32개입)
2025-11,3,S000017,천안호두(부산)휴게소,0020,호두과자코너,1100035952,(알뜰간식)우리밀호두과자(8개입)
2025-11,4,S000017,천안호두(부산)휴게소,0096,경주우리밀십원빵,1100041224,십원빵(팥앙금호두치즈치즈커스타드크림)
2025-11,5,S000017,천안호두(부산)휴게소,0096,경주우리밀십원빵,1100046797,명품땅콩빵(28ea)
2025-11,1,S000021,옥산(부산)휴게소,0005,스낵(라면),1100037455,(실속)EX-라면
2025-11,2,S000021,옥산(부산)휴게소,0002,식당(일반),1100018530,(실속)소고기국밥
2025-11,3,S000021,옥산(부산)휴게소,0119,식당(코바코),1100036915,돈가스
2025-11,4,S000021,옥산(부산)휴게소,0002,식당(일반),1100014794,돼갈비비지찌개
2025-11,5,S000021,옥산(부산)휴게소,0004,스낵(우동),1100044122,(실속)우동
2025-11,1,S000024,죽암(서울)휴게소,0147,02_한식,1100023738,순두부찌개
2025-11,2,S000024,죽암(서울)휴게소,0088,970_라면,1100033403,수제돈가스
2025-11,3,S000024,죽암(서울)휴게소,0147,02_한식,1100024627,사태김치찌개 
2025-11,4,S000024,죽암(서울)휴게소,0111,라면코너(직영),1100031593,할인묶음_돈가스 떡라면세트
2025-11,5,S000024,죽암(서울)휴게소,0042,120_국밥(신규),1100033402,청원생명쌀돌솥비빔밥
2025-11,1,S000026,죽암(부산)휴게소,0033,죽암왕갈비탕,1100032033,보은대추왕갈비탕
2025-11,2,S000026,죽암(부산)휴게소,0001,산뜰愛(애),1100033425,등심돈까스
2025-11,3,S000026,죽암(부산)휴게소,0033,죽암왕갈비탕,1100009103,해물순두부찌개
2025-11,4,S000026,죽암(부산)휴게소,0182,호두과자,1100037524,호두과자(20개입)
2025-11,5,S000026,죽암(부산)휴게소,0179,호떡만두임실치즈,1100039507,01.호떡 2.5
2025-11,1,S000028,신탄진(서울)휴게소,0016,420_호도과자,1100035951,호두과자(20개입)	
2025-11,2,S000028,신탄진(서울)휴게소,0012,180_타향골따귀탕,1100045827,따귀탕_타향골
2025-11,3,S000028,신탄진(서울)휴게소,0016,420_호도과자,1100035955,(알뜰간식)호두과자(10개입)
2025-11,4,S000028,신탄진(서울)휴게소,0057,493-고급핫바,1100038881,성북당_십원빵
2025-11,5,S000028,신탄진(서울)휴게소,0093,(투썸플레이스)650_투썸플레이스,1100044870,[투썸]HOT아메리카노R
2025-11,1,S000032,옥천(서울)휴게소,0071,커피(할리스),1100044578,(할리스)HOT카페아메리카노(R)
2025-11,2,S000032,옥천(서울)휴게소,0067,식당(한식),1100032664,한방닭곰탕
2025-11,3,S000032,옥천(서울)휴게소,0067,식당(한식),1100044096,옥천부추 제육덮밥
2025-11,4,S000032,옥천(서울)휴게소,0047,외부매장(직영),1100006220,(알뜰간식)호두과자(10개입) 
2025-11,5,S000032,옥천(서울)휴게소,0067,식당(한식),1100038238,해물순두부찌개
2025-11,1,S000034,금강(부산)휴게소,0071,(신)본관상행우동,1100030568,떡라면
2025-11,2,S000034,금강(부산)휴게소,0073,(신)본관한식,1100039281,(유가네)육개장
2025-11,3,S000034,금강(부산)휴게소,0073,(신)본관한식,1100039990,소고기국밥
2025-11,4,S000034,금강(부산)휴게소,0071,(신)본관상행우동,1100036011,유부우동
2025-11,5,S000034,금강(부산)휴게소,0119,(신)이남장설렁탕,1100041772,이남장설렁탕_설렁탕
2025-11,1,S000036,황간(부산)휴게소,0005,식당(한식),1100025710,언양석쇠불고기덮밥
2025-11,2,S000036,황간(부산)휴게소,0059,커피(할리스),1100044578,(할리스)카페아메리카노(R)
2025-11,3,S000036,황간(부산)휴게소,0005,식당(한식),1100014794,돼갈비비지찌개
2025-11,4,S000036,황간(부산)휴게소,0073,맛남의식당,1100036680,(실속상품)영표국밥
2025-11,5,S000036,황간(부산)휴게소,0005,식당(한식),1100038238,해물순두부찌개
2025-11,1,S000038,황간(서울)휴게소,0050,커피(할리스),1100044578,(할리스)카페아메리카노(R )
2025-11,2,S000038,황간(서울)휴게소,0064,맛남의식당,1100036680,(실속상품)영표국밥
2025-11,3,S000038,황간(서울)휴게소,0004,식당(한식),1100014794,돼갈비비지찌개
2025-11,4,S000038,황간(서울)휴게소,0004,식당(한식),1100038238,해물순두부찌개
2025-11,5,S000038,황간(서울)휴게소,0071,식당(양식),1100038196,치즈돈가스
2025-11,1,S000040,추풍령(부산)휴게소,0085,국수라면우동(신),1100039322,얼큰칼제비
2025-11,2,S000040,추풍령(부산)휴게소,0083,한식(신),1100044265,흑돼지불고기정식
2025-11,3,S000040,추풍령(부산)휴게소,0105,식당(양식),1100031781,등심돈가스
2025-11,4,S000040,추풍령(부산)휴게소,0083,한식(신),1100031157,화덕고등어구이+솥밥
2025-11,5,S000040,추풍령(부산)휴게소,0060,할리스,1100044578,(할리스)HOT아메리카노(R)
2025-11,1,S000042,추풍령(서울)휴게소,0100,국수라면우동(신),1100039322,얼큰칼제비
2025-11,2,S000042,추풍령(서울)휴게소,0080,할리스,1100044578,(할리스)HOT아메리카노(R)
2025-11,3,S000042,추풍령(서울)휴게소,0121,식당(양식)신,1100031781,통등심돈가스
2025-11,4,S000042,추풍령(서울)휴게소,0099,한식(신),1100044267,흑돼지김치전골
2025-11,5,S000042,추풍령(서울)휴게소,0099,한식(신),1100044266,흑돼지불고기
2025-11,1,S000044,칠곡(부산)휴게소,0071,한미식당,1100041276,옛날왕돈가스
2025-11,2,S000044,칠곡(부산)휴게소,0001,자율식당,1100016064,육개장
2025-11,3,S000044,칠곡(부산)휴게소,0068,뉴)우동/김밥,1100045433,부산어묵우동7500
2025-11,4,S000044,칠곡(부산)휴게소,0001,자율식당,1100021849,(자율식당)공기밥
2025-11,5,S000044,칠곡(부산)휴게소,0082,젤리매장,1200075537,젤리(400g)
2025-11,1,S000046,칠곡(서울)휴게소,0012,자율식당,1100000464,따로국밥
2025-11,2,S000046,칠곡(서울)휴게소,0087,우동전문점,1100045425,농심속풀이생라면
2025-11,3,S000046,칠곡(서울)휴게소,0087,우동전문점,1100045433,부산어묵우동7500
2025-11,4,S000046,칠곡(서울)휴게소,0100,투썸플레이스,1100044864,(투썸)ICE아메리카노R
2025-11,5,S000046,칠곡(서울)휴게소,0012,자율식당,1100042722,(자율식당)단배추된장국
2025-11,1,S000050,평사(부산)휴게소,0074,투썸플레이스01,1100044867,(투썸)HOT아메리카노(R)
2025-11,2,S000050,평사(부산)휴게소,0005,우동전문점,1100045433,부산어묵우동7500
2025-11,3,S000050,평사(부산)휴게소,0035,코바코,1100045405,등심돈가스정식11900
2025-11,4,S000050,평사(부산)휴게소,0074,투썸플레이스01,1100044864,(투썸)ICE아메리카노(R)
2025-11,5,S000050,평사(부산)휴게소,0007,한식전문점,1100045440,해물_순두부찌개정식
2025-11,1,S000052,건천(서울)휴게소,0006,3번 양식(직영),1100033425,왕등심돈까스
2025-11,2,S000052,건천(서울)휴게소,0066,1번 한식(직영),1100019830,돼지고기김치찌개
2025-11,3,S000052,건천(서울)휴게소,0066,1번 한식(직영),1100033360,매콤순두부찌개
2025-11,4,S000052,건천(서울)휴게소,0066,1번 한식(직영),1100001775,능이소고기국밥
2025-11,5,S000052,건천(서울)휴게소,0106,경주당(창업일반),1100029070,경주찰보리 반반
2025-11,1,S000054,건천(부산)휴게소,0028,한식전문점,1100045440,해물_순두부찌개정식
2025-11,2,S000054,건천(부산)휴게소,0059,(투썸플레이스)1,1100044867,투썸_HOT아메리카노R
2025-11,3,S000054,건천(부산)휴게소,0059,(투썸플레이스)1,1100044864,투썸_ICE아메리카노R
2025-11,4,S000054,건천(부산)휴게소,0028,한식전문점,1100045436,버섯_제육덮밥정식
2025-11,5,S000054,건천(부산)휴게소,0030,우동전문점,1100045433,부산어묵우동
2025-11,1,S000057,언양(서울)휴게소,0073,맨날국수(맛집),1100043206,★명품먹거리_배말칼국수_
2025-11,2,S000057,언양(서울)휴게소,0068,파스쿠찌,1100044473,(파스쿠찌)HOT아메리카노(R)
2025-11,3,S000057,언양(서울)휴게소,0012,우동/김밥전문점,1100045433,부산어묵우동
2025-11,4,S000057,언양(서울)휴게소,0010,자율식당,1100042722,(자율식당)단배추된장국
2025-11,5,S000057,언양(서울)휴게소,0010,자율식당,1100000464,(자율식당)대구따로국밥
2025-11,1,S000062,양산(서울)휴게소,0034,할리스,1100044578,(할리스)HOT아메리카노(R)
2025-11,2,S000062,양산(서울)휴게소,0018,011_한양식당,1100033408,돌솥비빔밥
2025-11,3,S000062,양산(서울)휴게소,0034,할리스,1100044577,(할리스)ICE아메리카노(R)
2025-11,4,S000062,양산(서울)휴게소,0018,011_한양식당,1100043608,순두부찌개
2025-11,5,S000062,양산(서울)휴게소,0033,코바코,1100033425,등심돈가스
2025-11,1,S000064,진영(순천)휴게소,0006,005_이담채,1100040356,흑돼지김치찌개
2025-11,2,S000064,진영(순천)휴게소,0006,005_이담채,1100037053,전통사골육개장
2025-11,3,S000064,진영(순천)휴게소,0143,026_효원당(협력),1100035950,우리밀호두과자선물용(24개입)
2025-11,4,S000064,진영(순천)휴게소,0150,010_놀부부대찌개(협력),1100037848,놀부부대찌개
2025-11,5,S000064,진영(순천)휴게소,0006,005_이담채,1100030953,웰빙비빔밥
2025-11,1,S000071,문산(순천)휴게소,0071,신)고운동커피,1100025692,(고운동)HOT아메리카노(R)
2025-11,2,S000071,문산(순천)휴게소,0073,신)고운동커피2,1100025692,(고운동)HOT아메리카노(R)
2025-11,3,S000071,문산(순천)휴게소,0061,신)한식,1100033147,얼큰순두부찌개
2025-11,4,S000071,문산(순천)휴게소,0061,신)한식,1100001937,동태탕
2025-11,5,S000071,문산(순천)휴게소,0061,신)한식,1100036684,차돌된장찌개
2025-11,1,S000073,사천(부산)휴게소,0002,한식전문점,1100040872,제육덮밥_덮밥
2025-11,2,S000073,사천(부산)휴게소,0044,할리스커피,1100044578,(할리스)HOT아메리카노(R)
2025-11,3,S000073,사천(부산)휴게소,0043,양식.솥밥매장,1100040836,옛날등심돈가스
2025-11,4,S000073,사천(부산)휴게소,0009,수수부꾸미,1100041038,옛날호떡(2개)
2025-11,5,S000073,사천(부산)휴게소,0044,할리스커피,1100044577,(할리스)ICE아메리카노(R)
2025-11,1,S000074,사천(순천)휴게소,0048,할리스커피,1100044578,(할리스)HOT카페아메리카노(R)
2025-11,2,S000074,사천(순천)휴게소,0002,한식전문점,1100040872,옛날제육덮밥
2025-11,3,S000074,사천(순천)휴게소,0045,양식.솥밥매장,1100043608,해물순두부찌개
2025-11,4,S000074,사천(순천)휴게소,0045,양식.솥밥매장,1100040836,옛날등심돈가스
2025-11,5,S000074,사천(순천)휴게소,0002,한식전문점,1100017392,산채나물비빔밥
2025-11,1,S000077,섬진강(부산)휴게소,0052,(신)고운동커피,1100025692,(고운동)HOT아메리카노
2025-11,2,S000077,섬진강(부산)휴게소,0042,(신)한식/돈가스,1100001104,해물순두부찌개
2025-11,3,S000077,섬진강(부산)휴게소,0042,(신)한식/돈가스,1100031960,왕돈가스
2025-11,4,S000077,섬진강(부산)휴게소,0042,(신)한식/돈가스,1100000659,재첩국
2025-11,5,S000077,섬진강(부산)휴게소,0049,(신)호두과자/핫바,1100037524,호두과자(18개입)
2025-11,1,S000078,섬진강(순천)휴게소,0050,(신)고운동커피,1100025692,(고운동)HOT아메리카노
2025-11,2,S000078,섬진강(순천)휴게소,0039,(신)한식/돈가스,1100001104,순두부찌게
2025-11,3,S000078,섬진강(순천)휴게소,0055,(신)의류매장,1300000815,의류(100000)
2025-11,4,S000078,섬진강(순천)휴게소,0047,(신)호두과자/핫바,1100037524,호두과자(18개입)
2025-11,5,S000078,섬진강(순천)휴게소,0039,(신)한식/돈가스,1100001931,재첩국 
2025-11,1,S000083,거창(대구)휴게소,0025,할리스(상),1100044578,(할리스)HOT아메리카노(R)
2025-11,2,S000083,거창(대구)휴게소,0025,할리스(상),1100044577,(할리스)ICE아메리카노(R)
2025-11,3,S000083,거창(대구)휴게소,0003,020_한식우동코너(상),1100024020,꼬치어묵우동
2025-11,4,S000083,거창(대구)휴게소,0023,코바코,1100033294,왕돈가스
2025-11,5,S000083,거창(대구)휴게소,0003,020_한식우동코너(상),1100037588,돈육김치찌개
2025-11,1,S000084,거창(광주)휴게소,0023,할리스(하),1100044578,(할리스)HOT아메리카노(R)
2025-11,2,S000084,거창(광주)휴게소,0003,020_한식우동코너(하),1100024020,꼬치어묵우동
2025-11,3,S000084,거창(광주)휴게소,0023,할리스(하),1100044577,(할리스)ICE아메리카노(R)
2025-11,4,S000084,거창(광주)휴게소,0003,020_한식우동코너(하),1100037588,돈육김치찌개
2025-11,5,S000084,거창(광주)휴게소,0004,100_스낵코너(하),1100043186,수제호떡(3개)
2025-11,1,S000087,지리산(대구)휴게소,0058,흥부골남원추어탕,1100039898,흥부골남원추어탕
2025-11,2,S000087,지리산(대구)휴게소,0002,식당(일반),1100040365,흑돼지불고기+비빔밥
2025-11,3,S000087,지리산(대구)휴게소,0002,식당(일반),1100041499,흑돼지김치찌개(9500)
2025-11,4,S000087,지리산(대구)휴게소,0038,할리스,1100044578,(할리스)카페아메리카노(R)
2025-11,5,S000087,지리산(대구)휴게소,0007,스낵(라면),1100037455,(실속상품)ex-라면
2025-11,1,S000088,지리산(광주)휴게소,0062,흥부골남원추어탕,1100039898,흥부골남원추어탕
2025-11,2,S000088,지리산(광주)휴게소,0019,할리스,1100044578,(할리스)카페아메리카노(R)
2025-11,3,S000088,지리산(광주)휴게소,0023,스낵(라면),1100037455,(실속상품)ex-라면
2025-11,4,S000088,지리산(광주)휴게소,0002,식당(일반),1100041499,흑돼지김치찌개(9500)
2025-11,5,S000088,지리산(광주)휴게소,0003,스낵(우동),1100044122,(실속상품)우동
2025-11,1,S000092,화성(서울)휴게소,0004,외부매장(직영),1100038432,(직영)오징어
2025-11,2,S000092,화성(서울)휴게소,0006,외부매장(호두과자),1100006283,호두과자(20개입)
2025-11,3,S000092,화성(서울)휴게소,0006,외부매장(호두과자),1100006220,(알뜰간식)호두과자(10개입)
2025-11,4,S000092,화성(서울)휴게소,0020,식당(양식),1100035079,수제등심돈가스
2025-11,5,S000092,화성(서울)휴게소,0014,스낵(우동),1100044122,(실속상품)우동
2025-11,1,S000093,화성(목포)휴게소,0133,외부매장-건어물,1200065863,건어물10000
2025-11,2,S000093,화성(목포)휴게소,0119,직영매장(어묵핫바),1100038432,오징어구이
2025-11,3,S000093,화성(목포)휴게소,0107,의류매장(상설),1300000816,의류(전문매장) 벤호건(100000)
2025-11,4,S000093,화성(목포)휴게소,0048,의류매장,1300000815,의류(전문매장) JDX골프(100000)
2025-11,5,S000093,화성(목포)휴게소,0003,식당(한식),1100039046,돼지고기_김치찌개
2025-11,1,S000102,대천(서울)휴게소,0006,한식당,1100040662,돌솥비빔밥
2025-11,2,S000102,대천(서울)휴게소,0006,한식당,1100002760,해물라면정식 해물라면정식
2025-11,3,S000102,대천(서울)휴게소,0006,한식당,1100033939,짬뽕순두부(9000)
2025-11,4,S000102,대천(서울)휴게소,0010,핫바호떡,1100029858,호두과자(14개입)
2025-11,5,S000102,대천(서울)휴게소,0065,의류매장,1300000828,의류(전문매장) 클라이머홀릭(100000)
2025-11,1,S000103,대천(목포)휴게소,0003,한식당,1100040662,돌솥비빔밥
2025-11,2,S000103,대천(목포)휴게소,0003,한식당,1100002760,해물라면정식 해물라면정식
2025-11,3,S000103,대천(목포)휴게소,0055,의류매장(임시),1300000348,클라이머홀릭(10000)
2025-11,4,S000103,대천(목포)휴게소,0008,커피(드롭탑),1100045278,(드롭탑)H아메리카노(R)
2025-11,5,S000103,대천(목포)휴게소,0011,핫바단밤,1100002644,꼬치어묵
2025-11,1,S000106,군산(서울)휴게소,0110,(신)팬텀,1300008696,팬텀(의류) 1000원
2025-11,2,S000106,군산(서울)휴게소,0104,(신)한식,1100014614,돌솥비빔밥
2025-11,3,S000106,군산(서울)휴게소,0059,(신)호두과자,1100035954,호두과자(20개입)
2025-11,4,S000106,군산(서울)휴게소,0104,(신)한식,1100033343,순두부찌개
2025-11,5,S000106,군산(서울)휴게소,0069,(신)향미암(라면김밥),1100037451,추억의도시락라면
2025-11,1,S000108,군산(목포)휴게소,0051,(신)한식,1100033147,순두부찌개
2025-11,2,S000108,군산(목포)휴게소,0075,(신)대야식당,1100043086,(대야식당)소머리국밥
2025-11,3,S000108,군산(목포)휴게소,0051,(신)한식,1100018449,옥구우거지국밥
2025-11,4,S000108,군산(목포)휴게소,0059,(신)통감자,1100006297,호두과자(20개입)
2025-11,5,S000108,군산(목포)휴게소,0073,(신)탐앤탐스(외주),1100045803,탐탐_카페아메리카노
2025-11,1,S000115,함평천지(서울)휴게소,0022,001_그린웰,1100027180,소고기장터국밥
2025-11,2,S000115,함평천지(서울)휴게소,0022,001_그린웰,1100040284,함평한우비빔밥정식
2025-11,3,S000115,함평천지(서울)휴게소,0129,002_남산돈까스,1100045818,남산왕돈까스
2025-11,4,S000115,함평천지(서울)휴게소,0097,032_탐앤탐스,1100045803,탐탐_카페아메리카노
2025-11,5,S000115,함평천지(서울)휴게소,0022,001_그린웰,1100037254,옛날돼지고기김치찌개
2025-11,1,S000117,함평천지(목포)휴게소,0043,(신)한식,1100036175,바우네맑은나주곰탕
2025-11,2,S000117,함평천지(목포)휴게소,0055,(신)아띠몽,1100017573,아띠몽호두과자(10개입)
2025-11,3,S000117,함평천지(목포)휴게소,0051,(신)드롭탑,1100045278,(드롭탑)H아메리카노(R)_신
2025-11,4,S000117,함평천지(목포)휴게소,0043,(신)한식,1100016428,(실속상품)순두부찌개
2025-11,5,S000117,함평천지(목포)휴게소,0043,(신)한식,1100001005,돌솥비빔밥 
2025-11,1,S000122,정읍녹두장군(천안)휴게소,0118,신가네정읍국밥,1100039990,(신가네)정읍국밥
2025-11,2,S000122,정읍녹두장군(천안)휴게소,0127,투썸,1100041722,[투썸]T)아메리카노R
2025-11,3,S000122,정읍녹두장군(천안)휴게소,0118,신가네정읍국밥,1100039987,(신가네)돼지국밥
2025-11,4,S000122,정읍녹두장군(천안)휴게소,0004,한식,1100033537,순두부찌개
2025-11,5,S000122,정읍녹두장군(천안)휴게소,0127,투썸,1100041720,[투썸]T)ice아메리카노R
2025-11,1,S000123,정읍녹두장군(순천)휴게소,0076,[식당가]신가네정읍국밥,1100039990,(신가네)정읍국밥
2025-11,2,S000123,정읍녹두장군(순천)휴게소,0078,[가판]알뜰간식,1100035955,(알뜰간식)호두과자(10개입)
2025-11,3,S000123,정읍녹두장군(순천)휴게소,0002,[식당가]코바코,1100030442,통등심돈까스
2025-11,4,S000123,정읍녹두장군(순천)휴게소,0066,[커피]탐앤탐스,1100045803,(탐앤탐스)HOT아메리카노(T)
2025-11,5,S000123,정읍녹두장군(순천)휴게소,0008,[식당가]한식,1100033339,[한식]해물순두부찌개(표준)
2025-11,1,S000126,백양사(천안)휴게소,0033,한식코너,1100028090,삼채애호박찌개
2025-11,2,S000126,백양사(천안)휴게소,0033,한식코너,1100031699,대파육개장
2025-11,3,S000126,백양사(천안)휴게소,0052,드롭탑,1100045278,(드롭탑)HOT아메리카노(R)
2025-11,4,S000126,백양사(천안)휴게소,0033,한식코너,1100037753,우렁이된장찌개
2025-11,5,S000126,백양사(천안)휴게소,0030,양식코너,1100033425,옛날돈가스
2025-11,1,S000130,곡성(천안)휴게소,0056,10_로띠번,1100035894,(로띠번)오리지널
2025-11,2,S000130,곡성(천안)휴게소,0009,15_스낵코너,1100027398,호두과자(20개입)
2025-11,3,S000130,곡성(천안)휴게소,0051,18_임실치즈,1100024923,임실구워먹는치즈
2025-11,4,S000130,곡성(천안)휴게소,0012,13_커피2(엔제리너스),1100036983,(엔젤)HOT아메리카노(S)
2025-11,5,S000130,곡성(천안)휴게소,0002,01_한식당,1100000814,나물돌솥비빔밥
2025-11,1,S000131,곡성(순천)휴게소,0025,001_한식코너,1100044289,입맛없을땐짜글이
2025-11,2,S000131,곡성(순천)휴게소,0052,(파스쿠찌),1100044473,(파스쿠찌)HOT아메리카노(R)
2025-11,3,S000131,곡성(순천)휴게소,0039,열린매장(직영),1100041179,로띠번3800
2025-11,4,S000131,곡성(순천)휴게소,0036,열린매장2(직영),1100029943,맥반석오징어대
2025-11,5,S000131,곡성(순천)휴게소,0052,(파스쿠찌),1100044471,(파스쿠찌)ICE아메리카노(R)
2025-11,1,S000139,하남드림-케이알산업,0083,탐앤탐스,1100045803,(탐앤탐스)HOT카페아메리카노(T)
2025-11,2,S000139,하남드림-케이알산업,0179,한식당(K),1100028086,마방장터국밥
2025-11,3,S000139,하남드림-케이알산업,0180,라면(K),1100023658,SET2(라면+충무김밥)
2025-11,4,S000139,하남드림-케이알산업,0083,탐앤탐스,1100035965,(탐앤탐스)ICE아메리카노(T)
2025-11,5,S000139,하남드림-케이알산업,0083,탐앤탐스,1100045785,(탐앤탐스)ICE아메리카노(G)
2025-11,1,S000144,이천(남이)휴게소,0060,한식매장,1100045377,전주비빔밥
2025-11,2,S000144,이천(남이)휴게소,0060,한식매장,1100041109,오모가리돼지김치찌개
2025-11,3,S000144,이천(남이)휴게소,0060,한식매장,1100043608,(해물)순두부찌개정식
2025-11,4,S000144,이천(남이)휴게소,0089,달콤커피,1100040128,(달콤커피)ICE아메리카노(R)
2025-11,5,S000144,이천(남이)휴게소,0060,한식매장,1100036856,흑돼지고추장불고기
2025-11,1,S000145,음성(하남)휴게소,0044,(신)호두과자/오징어,1100006261,우리밀 호두과자(17개입)
2025-11,2,S000145,음성(하남)휴게소,0057,(신)양식전문점,1100042339,등심돈가스
2025-11,3,S000145,음성(하남)휴게소,0039,코바코&진미옥,1100037455,(실속상품)ex-라면
2025-11,4,S000145,음성(하남)휴게소,0094,파스쿠찌,1100044473,(파스쿠찌)HOT아메리카노(R)
2025-11,5,S000145,음성(하남)휴게소,0056,(신)한식전문점,1100000326,음성인삼 한우설렁탕
2025-11,1,S000146,음성(남이)휴게소,0051,(신)한식전문점,1100014296,우거지한우국밥
2025-11,2,S000146,음성(남이)휴게소,0052,(신)양식전문점,1100040832,돈가스제육덮밥(신)
2025-11,3,S000146,음성(남이)휴게소,0041,(신)호두과자/오징어,1100006261,우리밀 호두과자(17개입)
2025-11,4,S000146,음성(남이)휴게소,0037,탐앤탐스,1100045803,(탐앤탐스)HOT아메리카노(R)
2025-11,5,S000146,음성(남이)휴게소,0052,(신)양식전문점,1100008613,등심돈가스(조정)
2025-11,1,S000153,금산인삼랜드(대전)휴게소,0150,벤제프(골프의류),1300001074,벤제프 100000
2025-11,2,S000153,금산인삼랜드(대전)휴게소,0042,호도과자1,1100006295,(알뜰간식)호두과자(10개입)
2025-11,3,S000153,금산인삼랜드(대전)휴게소,0042,호도과자1,1100006292,호두과자(20개입)
2025-11,4,S000153,금산인삼랜드(대전)휴게소,0163,외주-야미레스토,1100001435,왕돈가스
2025-11,5,S000153,금산인삼랜드(대전)휴게소,0194,박순자아우내순대,1100000713,순대국밥
2025-11,1,S000154,금산인삼랜드(통영)휴게소,0041,510_호도과자,1100035951,우리밀호두과자(16알)
2025-11,2,S000154,금산인삼랜드(통영)휴게소,0055,570_꽈베기,1100036356,꽈배기세트[5400]
2025-11,3,S000154,금산인삼랜드(통영)휴게소,0041,510_호도과자,1100035952,(알뜰간식)우리밀호두과자(8알)
2025-11,4,S000154,금산인삼랜드(통영)휴게소,0055,570_꽈베기,1100010965,3600꽈배기
2025-11,5,S000154,금산인삼랜드(통영)휴게소,0006,100_한식당1,1100041109,흑돼지김치찌개[건인]
2025-11,1,S000165,산청(대전)휴게소,0002,한식당,1100040368,흑돼지소라찜
2025-11,2,S000165,산청(대전)휴게소,0026,탐앤탐스,1100045803,(탐탐)HOT아메리카노(S)
2025-11,3,S000165,산청(대전)휴게소,0002,한식당,1100022176,애호박돼지찌개
2025-11,4,S000165,산청(대전)휴게소,0002,한식당,1100027356,우리돼지김치찌개
2025-11,5,S000165,산청(대전)휴게소,0002,한식당,1100026583,돌솥더덕비빔밥
2025-11,1,S000166,산청(통영)휴게소,0002,한식당,1100040368,흑돼지소라찜
2025-11,2,S000166,산청(통영)휴게소,0002,한식당,1100033418,돌솥더덕비빔밥
2025-11,3,S000166,산청(통영)휴게소,0028,탐앤탐스,1100045803,(탐앤탐스)HOT카페아메리카노(S)
2025-11,4,S000166,산청(통영)휴게소,0007,열린매장,1100046483,옹기종기땅콩빵(30개)
2025-11,5,S000166,산청(통영)휴게소,0002,한식당,1100022176,3.애호박돼지찌개
2025-11,1,S000177,영산(창원)휴게소,0220,637_옹기종기땅콩빵,1100041040,옹기종기땅콩빵(중)
2025-11,2,S000177,영산(창원)휴게소,0186,100_파스쿠찌[직영],1100044473,(파스꾸찌)HOT아메리카노(R)
2025-11,3,S000177,영산(창원)휴게소,0082,610_풍경마루,1100028086,소고기 장터국밥
2025-11,4,S000177,영산(창원)휴게소,0158,637_열린매장2,1100028962,대왕오징어구이[부강]
2025-11,5,S000177,영산(창원)휴게소,0215,620_101 남산왕돈까스,1100033314,남산왕돈까스
2025-11,1,S000201,문막(강릉)휴게소,0182,콜핑,1300008612,신)의류 100000
2025-11,2,S000201,문막(강릉)휴게소,0166,(직영)봉화산설렁탕,1100028510,(봉화산설렁탕)설렁탕
2025-11,3,S000201,문막(강릉)휴게소,0182,콜핑,1300008609,신)의류 10000
2025-11,4,S000201,문막(강릉)휴게소,0175,(직영)한식당,1100042690,문막장터국밥
2025-11,5,S000201,문막(강릉)휴게소,0176,(직영)양식당,1100036563,옛날돈까스
2025-11,1,S000203,여주(강릉)휴게소,0147,(신)여흥옥,1100045336,여흥옥_설렁탕
2025-11,2,S000203,여주(강릉)휴게소,0147,(신)여흥옥,1100045335,여흥옥_육개장
2025-11,3,S000203,여주(강릉)휴게소,0062,(신)라면전문점,1100037455,(실속상품)ex-라면
2025-11,4,S000203,여주(강릉)휴게소,0095,(신)코바코,1100021045,(코바코)옛날돈가스
2025-11,5,S000203,여주(강릉)휴게소,0095,(신)코바코,1100042658,가마솥우거지국밥
2025-11,1,S000213,홍천강(춘천)휴게소,0050,(신)아띠몽,1100044085,아띠몽호두과자10 (6000)
2025-11,2,S000213,홍천강(춘천)휴게소,0049,(드롭탑)(신)드롭탑,1100036298,(드롭탑)HOT아메리카노(R)
2025-11,3,S000213,홍천강(춘천)휴게소,0041,(신)한식,1100021918,얼큰황태순두부_주물솥밥
2025-11,4,S000213,홍천강(춘천)휴게소,0050,(신)아띠몽,1100044084,아띠몽호두과자20 (12000)
2025-11,5,S000213,홍천강(춘천)휴게소,0049,(드롭탑)(신)드롭탑,1100036296,(드롭탑)ICE아메리카노(R)
2025-11,1,S000218,치악(춘천)휴게소,0055,080_호두과자,1100028078,호두과자5천
2025-11,2,S000218,치악(춘천)휴게소,0069,130_할리스커피(보라),1100044578,(할리스)HOT아메리카노(R)
2025-11,3,S000218,치악(춘천)휴게소,0026,의류매장,1300000298,의류(전문매장) 의류(전문매장)
2025-11,4,S000218,치악(춘천)휴게소,0061,030_봉화산설렁탕,1100024443,(봉화산설렁탕)봉화산설렁탕
2025-11,5,S000218,치악(춘천)휴게소,0069,130_할리스커피(보라),1100044589,(할리스)ICE아메리카노(G)
2025-11,1,S000221,단양팔경(춘천)휴게소,0041,코바코돈가스,1100018933,마늘왕돈가스
2025-11,2,S000221,단양팔경(춘천)휴게소,0041,코바코돈가스,1100033490,흑돼지돈가스
2025-11,3,S000221,단양팔경(춘천)휴게소,0046,금강설렁탕,1100047116,(명품)금강살코기설렁탕
2025-11,4,S000221,단양팔경(춘천)휴게소,0043,커피매장,1100010844,(커피매장)ICE아메리카노
2025-11,5,S000221,단양팔경(춘천)휴게소,0043,커피매장,1100009980,(커피매장)HOT아메리카노
2025-11,1,S000223,단양팔경(부산)휴게소,0001,식당(한식/양식),1100036915,돈가스
2025-11,2,S000223,단양팔경(부산)휴게소,0054,용우동,1100044122,(실속상품)우동
2025-11,3,S000223,단양팔경(부산)휴게소,0013,의류매장,1300000600,D-클라이머50000
2025-11,4,S000223,단양팔경(부산)휴게소,0013,의류매장,1300000312,D-클라이머10000
2025-11,5,S000223,단양팔경(부산)휴게소,0013,의류매장,1300000830,D-클라이머100000
2025-11,1,S000225,안동(부산)휴게소,0002,한식당,1100040252,이동삼안동간고등어구이정식
2025-11,2,S000225,안동(부산)휴게소,0068,돈까스,1100033490,흑돼지돈가스
2025-11,3,S000225,안동(부산)휴게소,0003,030_우동전문점,1100021036,(실속상품)유부우동
2025-11,4,S000225,안동(부산)휴게소,0066,커피매장,1100010844,(안동다방)ICE아메리카노(S)
2025-11,5,S000225,안동(부산)휴게소,0066,커피매장,1100009980,(안동다방)HOT아메리카노(S)
2025-11,1,S000226,안동(춘천)휴게소,0006,한식당,1100040252,이동삼안동간고등어구이정식
2025-11,2,S000226,안동(춘천)휴게소,0055,돈까스,1100033490,흑돼지돈가스
2025-11,3,S000226,안동(춘천)휴게소,0052,커피매장,1100009980,(안동다방)HOT아메리카노(S)
2025-11,4,S000226,안동(춘천)휴게소,0005,우동전문점,1100021036,(실속상품)유부우동
2025-11,5,S000226,안동(춘천)휴게소,0007,옥외매장,1100035955,(알뜰간식)호두과자(10개입)
2025-11,1,S000229,군위(부산)휴게소,0070,돈가스(무인),1100025737,의성마늘왕돈가스
2025-11,2,S000229,군위(부산)휴게소,0046,할리스커피,1100044578,(할)카페아메리카노_R
2025-11,3,S000229,군위(부산)휴게소,0046,할리스커피,1100044577,(할)ICE카페아메리카노_R
2025-11,4,S000229,군위(부산)휴게소,0067,한식(무인),1100025331,간고등어정식
2025-11,5,S000229,군위(부산)휴게소,0067,한식(무인),1100030892,돌솥비빔밥
2025-11,1,S000230,군위(춘천)휴게소,0064,멀티샵,1300000815,멀티샵(100000)
2025-11,2,S000230,군위(춘천)휴게소,0054,할리스커피,1100044578,(할리스)카페아메리카노(R)
2025-11,3,S000230,군위(춘천)휴게소,0083,한식(무인),1100018083,대구 파육개장
2025-11,4,S000230,군위(춘천)휴게소,0084,돈가스(무인),1100025737,의성마늘왕돈가스
2025-11,5,S000230,군위(춘천)휴게소,0086,라면.김밥(무인),1100024953,의성마늘라면
2025-11,1,S000233,동해(삼척)휴게소,0029,바우드코리아,1300000299,의류(전문매장) 바우드코리아(10000)
2025-11,2,S000233,동해(삼척)휴게소,0049,도이터 매장,1300000319,의류(전문매장) 블랙야크<10000>
2025-11,3,S000233,동해(삼척)휴게소,0049,도이터 매장,1300007587,의류(전문매장) 나이키
2025-11,4,S000233,동해(삼척)휴게소,0004,050_한식당,1100037338,오늘은제육볶음
2025-11,5,S000233,동해(삼척)휴게소,0029,바우드코리아,1300000816,의류(전문매장) 바우드코리아(100000)
2025-11,1,S000236,장유(서부산)휴게소,0001,한식,1100008612,(코바코)돈까스
2025-11,2,S000236,장유(서부산)휴게소,0001,한식,1100030885,통영해물순두부찌개
2025-11,3,S000236,장유(서부산)휴게소,0001,한식,1100030746,뚝배기불고기
2025-11,4,S000236,장유(서부산)휴게소,0001,한식,1100024867,떡라면정식
2025-11,5,S000236,장유(서부산)휴게소,0016,로티번,1100041179,로띠번3800
2025-11,1,S000238,벌곡(대전)휴게소,0065,정심당,1100022384,(알뜰간식)땅콩빵
2025-11,2,S000238,벌곡(대전)휴게소,0019,2-1 한식(편의점),1100021683,불고기비빔밥
2025-11,3,S000238,벌곡(대전)휴게소,0019,2-1 한식(편의점),1100043608,해물순두부
2025-11,4,S000238,벌곡(대전)휴게소,0019,2-1 한식(편의점),1100040282,(명랑식당)육개장
2025-11,5,S000238,벌곡(대전)휴게소,0059,심스커피,1100010360,(심스)HOT아메리카노(M)
2025-11,1,S000240,벌곡(논산)휴게소,0015,클라이머홀릭,1300000100,의류1000 
2025-11,2,S000240,벌곡(논산)휴게소,0003,식당,1100030711,남도꼬막비빔밥
2025-11,3,S000240,벌곡(논산)휴게소,0003,식당,1100037276,해물순두부찌개
2025-11,4,S000240,벌곡(논산)휴게소,0003,식당,1100034088,벌곡닭갈비
2025-11,5,S000240,벌곡(논산)휴게소,0003,식당,1100035275,추억의도시락라면세트
2025-11,1,S000273,문경(창원)휴게소,0020,100_한식당,1100042658,소고기우거지국밥
2025-11,2,S000273,문경(창원)휴게소,0035,150_김밥라면,1100044900,떡라면충무김밥세트
2025-11,3,S000273,문경(창원)휴게소,0043,252_의류전문매장,1300000815,의류(전문매장) 의류(전문매장)
2025-11,4,S000273,문경(창원)휴게소,0020,100_한식당,1100037588,돈육김치찌개
2025-11,5,S000273,문경(창원)휴게소,0020,100_한식당,1100036856,매콤고추장돼지불고기
2025-11,1,S000274,구정(속초)휴게소,0023,(드롭탑),1100045278,(드롭탑)H아메리카노(R)
2025-11,2,S000274,구정(속초)휴게소,0017,한식당,1100037338,소뚝배기불고기
2025-11,3,S000274,구정(속초)휴게소,0017,한식당,1100039281,(유가네)육개장
2025-11,4,S000274,구정(속초)휴게소,0024,양식면류,1100035275,라면+복읍밥(소)
2025-11,5,S000274,구정(속초)휴게소,0003,특산물,1200007784,(12000)
2025-11,1,S000277,남성주참외(창원)휴게소,0002,식당(한식),1100039312,성주장터국밥
2025-11,2,S000277,남성주참외(창원)휴게소,0020,식당(양식),1100031781,통등심돈가스
2025-11,3,S000277,남성주참외(창원)휴게소,0002,식당(한식),1100037339,고등어구이 고등어구이돌솥정식(11000)
2025-11,4,S000277,남성주참외(창원)휴게소,0002,식당(한식),1100038238,해물순두부찌게 해물순두부찌개
2025-11,5,S000277,남성주참외(창원)휴게소,0002,식당(한식),1100021886,제육덮밥
2025-11,1,S000278,남성주참외(양평)휴게소,0020,식당(양식당),1100031781,돈가스
2025-11,2,S000278,남성주참외(양평)휴게소,0084,식당(곰작골),1100044217,(평양아바이순대국밥)순대국밥
2025-11,3,S000278,남성주참외(양평)휴게소,0005,스낵(라면김밥),1100037455,(실속상품)ex-라면
2025-11,4,S000278,남성주참외(양평)휴게소,0003,식당(일반),1100037339,고등어구이 고등어구이돌솥정식(11000)
2025-11,5,S000278,남성주참외(양평)휴게소,0084,식당(곰작골),1100036194,곰탕)(청)맑은나주곰탕
2025-11,1,S000292,덕평휴게소,0296,1한식,1100044213,o덕평소고기국밥
2025-11,2,S000292,덕평휴게소,0200,코오롱스포츠,1200013209,코오롱스포츠(100000)
2025-11,3,S000292,덕평휴게소,0171,5왕돈가스,1100044206,o왕돈가스
2025-11,4,S000292,덕평휴게소,0482,네파행사,1300012746,네파행사(10000)
2025-11,5,S000292,덕평휴게소,0474,파사디골프,1300012758,파사디골프(100000)
2025-11,1,S000293,청통(대구)휴게소,0006,060_옥외매장,1100036625,엔)감자빵
2025-11,2,S000293,청통(대구)휴게소,0067,달콤커피,1100036902,(달콤커피)HOT아메리카노(R)
2025-11,3,S000293,청통(대구)휴게소,0002,020_한식코너,1100000409,대구10美따로국밥
2025-11,4,S000293,청통(대구)휴게소,0003,030_코바코우동돈가스,1100047157,남산왕돈까스
2025-11,5,S000293,청통(대구)휴게소,0067,달콤커피,1100036801,(달콤커피)ICE아메리카노(R)
2025-11,1,S000294,와촌(포항)휴게소,0062,브라더꽈배기,1100030426,땅콩빵(30개입)
2025-11,2,S000294,와촌(포항)휴게소,0030,코바코,1100022137,등심돈가스
2025-11,3,S000294,와촌(포항)휴게소,0002,020_한식코너,1100016630,대추고추장비빔밥
2025-11,4,S000294,와촌(포항)휴게소,0002,020_한식코너,1100024643,소고기국밥
2025-11,5,S000294,와촌(포항)휴게소,0090,090_뼈해장국,1100044616,(뼈해장국)뼈해장국(창업)
2025-11,1,S000295,괴산(양평)휴게소,0158,남산 돈까스,1100045818,남산왕돈까스
2025-11,2,S000295,괴산(양평)휴게소,0157,한식 반상,1100043608,해물순두부찌개
2025-11,3,S000295,괴산(양평)휴게소,0141,소미미(협력),1100012273,소미미단팥빵(2800)
2025-11,4,S000295,괴산(양평)휴게소,0157,한식 반상,1100033489,표고버섯비빔밥
2025-11,5,S000295,괴산(양평)휴게소,0157,한식 반상,1100037588,흑돼지김치찌개
2025-11,1,S000303,괴산(창원)휴게소,0125,스낵(용우동),1100044122,(실속상품)실속우동
2025-11,2,S000303,괴산(창원)휴게소,0002,식당(일반),1100018530,(실속상품)소고기국밥
2025-11,3,S000303,괴산(창원)휴게소,0129,동신당,1100043400,(알뜰간식)단팥빵
2025-11,4,S000303,괴산(창원)휴게소,0043,서울식당,1100040148,(서울식당)올갱이해장국
2025-11,5,S000303,괴산(창원)휴게소,0052,식당(양식),1100031781,순살돈가스
2025-11,1,S000306,김천(서울)휴게소,0002,03한식전문점,1100037754,촌돼지찌개
2025-11,2,S000306,김천(서울)휴게소,0002,03한식전문점,1100030660,보리비빔밥 된장찌개
2025-11,3,S000306,김천(서울)휴게소,0002,03한식전문점,1100028090,흑돼지제육볶음
2025-11,4,S000306,김천(서울)휴게소,0017,양식전문점,1100042335,양식)왕돈가스_New
2025-11,5,S000306,김천(서울)휴게소,0002,03한식전문점,1100044035,촌돼지찌개(영양솥밥)
2025-11,1,S000311,영주(부산)휴게소,0001,010_편의점,1200021266,에쎄라이트
2025-11,2,S000311,영주(부산)휴게소,0001,010_편의점,1200002520,오징어땅콩 
2025-11,3,S000311,영주(부산)휴게소,0001,010_편의점,1200021270,에쎄체인지1mg
2025-11,4,S000311,영주(부산)휴게소,0001,010_편의점,1200044928,빙그레)바나나우유240ml
2025-11,5,S000311,영주(부산)휴게소,0001,010_편의점,1200054212,스타벅스파이크플레이스블랙
2025-11,1,S000312,영주(춘천)휴게소,0001,010_편의점,1200021270,에쎄체인지1mg
2025-11,2,S000312,영주(춘천)휴게소,0001,010_편의점,1200060232,빙그레)바나나맛우유240ml(저온)
2025-11,3,S000312,영주(춘천)휴게소,0001,010_편의점,1200054212,스타벅스파이크플레이스블랙
2025-11,4,S000312,영주(춘천)휴게소,0001,010_편의점,1200069298,동서)스타벅스바닐라라떼
2025-11,5,S000312,영주(춘천)휴게소,0001,010_편의점,1200021266,에쎄라이트
2025-11,1,S000328,제천(부산)휴게소,0001,010_편의점,1100011410,오늘의커피(2800) 오늘의커피
2025-11,2,S000328,제천(부산)휴게소,0001,010_편의점,1200068936,도라야끼
2025-11,3,S000328,제천(부산)휴게소,0016,새싹농원(과세),1200007510,농특산물
2025-11,4,S000328,제천(부산)휴게소,0016,새싹농원(과세),1200059545,부채전병700g
2025-11,5,S000328,제천(부산)휴게소,0001,010_편의점,1100011260,맛라면 
2025-11,1,S000329,의왕(일산)휴게소,0036,041_면가(우동),1100025862,치즈돈가스
2025-11,2,S000329,의왕(일산)휴게소,0046,만쥬리아,1100026924,부산오뎅(3000)
2025-11,3,S000329,의왕(일산)휴게소,0046,만쥬리아,1100035106,호두과자선물용(지역주민)
2025-11,4,S000329,의왕(일산)휴게소,0008,050_라면,1100018058,라면
2025-11,5,S000329,의왕(일산)휴게소,0046,만쥬리아,1100027353,만쥬리아3500
2025-11,1,S000342,김천(부산)휴게소,0011,015_한식당,1100030746,돼지불백
2025-11,2,S000342,김천(부산)휴게소,0011,015_한식당,1100037754,촌돼지찌개
2025-11,3,S000342,김천(부산)휴게소,0019,005_수라방수제돈가스,1100001531,등심돈가스
2025-11,4,S000342,김천(부산)휴게소,0011,015_한식당,1100033147,버섯순두부찌개
2025-11,5,S000342,김천(부산)휴게소,0037,(직)파스쿠찌,1100014844,(파스쿠찌)HOT아메리카노(R)
2025-11,1,S000347,진주(부산)휴게소,0002,푸드코트_한식당,1100041109,솥밥순두부찌개
2025-11,2,S000347,진주(부산)휴게소,0002,푸드코트_한식당,1100030878,육전비빔밥(신규)
2025-11,3,S000347,진주(부산)휴게소,0065,푸드코트_물만난면/돈까스킹,1100040836,돈까스킹
2025-11,4,S000347,진주(부산)휴게소,0064,푸드코트_해운대할매국밥,1100000449,해운대할매국밥
2025-11,5,S000347,진주(부산)휴게소,0041,커피_파스쿠찌,1100044473,(파스쿠찌)HOT아메리카노(R)
2025-11,1,S000355,이서(순천)휴게소,0040,360_의류,1300000815,의류(전문매장) 의류(전문매장)
2025-11,2,S000355,이서(순천)휴게소,0003,200_전주비빔밥전문점,1100030839,명품전주불고기비빔밥
2025-11,3,S000355,이서(순천)휴게소,0040,360_의류,1300008590,NEPA의류50000
2025-11,4,S000355,이서(순천)휴게소,0129,530_탐앤탐스,1100045803,탐탐_카페아메리카노
2025-11,5,S000355,이서(순천)휴게소,0040,360_의류,1300001170,의류(전문매장) 의류(전문매장)
2025-11,1,S000358,이서(천안)휴게소,0150,481_투썸플레이스,1100044865,T투썸_I아메리카노R
2025-11,2,S000358,이서(천안)휴게소,0003,200_한식,1100023549,명품전주불고기비빔밥(9500)
2025-11,3,S000358,이서(천안)휴게소,0150,481_투썸플레이스,1100044872,T투썸_아메리카노R
2025-11,4,S000358,이서(천안)휴게소,0003,200_한식,1100037392,옛날돼지고기김치찌개
2025-11,5,S000358,이서(천안)휴게소,0003,200_한식,1100040371,명품애호박국밥
2025-11,1,S000360,오수(완주)휴게소,0003,한식,1100037392,김치찌개_계란말이
2025-11,2,S000360,오수(완주)휴게소,0004,퓨전양식,1100045818,남산왕돈까스
2025-11,3,S000360,오수(완주)휴게소,0003,한식,1100000279,몽글순두부찌개
2025-11,4,S000360,오수(완주)휴게소,0003,한식,1100029547,비빕밥&차돌된장찌개
2025-11,5,S000360,오수(완주)휴게소,0047,탐앤탐,1100045778,(탐앤탐스)ICE아메리카노(V)
2025-11,1,S000361,오수(순천)휴게소,0003,한식,1100044793,비빔밥 & 차돌된장찌개
2025-11,2,S000361,오수(순천)휴게소,0064,코바코(우동),1100002342,전복꼬치어묵우동
2025-11,3,S000361,오수(순천)휴게소,0003,한식,1100037392,김치찌개_계란말이
2025-11,4,S000361,오수(순천)휴게소,0003,한식,1100041589,소고기장터국밥
2025-11,5,S000361,오수(순천)휴게소,0050,임실유산균,1200056799,딸기요구르트
2025-11,1,S000364,황전(순천)휴게소,0032,파스쿠찌,1100026228,(파스쿠찌)HOT아메리카노(R)
2025-11,2,S000364,황전(순천)휴게소,0003,100_한식당,1100022176,김치부대찌개
2025-11,3,S000364,황전(순천)휴게소,0003,100_한식당,1100033408,돌솥비빔밥
2025-11,4,S000364,황전(순천)휴게소,0003,100_한식당,1100033410,돼지김치찌개
2025-11,5,S000364,황전(순천)휴게소,0003,100_한식당,1100035545,황전해초꼬막비빔밥
2025-11,1,S000365,황전(완주)휴게소,0050,딸기모찌매장,1100012040,서)딸기모찌5구
2025-11,2,S000365,황전(완주)휴게소,0050,딸기모찌매장,1100037784,서)딸기모찌3구
2025-11,3,S000365,황전(완주)휴게소,0044,32_특산물매장,1300013168,농축수산물(의류잡화요율)_버섯300g
2025-11,4,S000365,황전(완주)휴게소,0045,청계참다슬기,1100041127,청계참다슬기해장국
2025-11,5,S000365,황전(완주)휴게소,0002,10_한식당,1100030885,해물순두부찌개
2025-11,1,S000370,서울하이패스센터쉼터,0001,용우동,1100025865,순두부찌개
2025-11,2,S000370,서울하이패스센터쉼터,0001,용우동,1100030930,떡라면
2025-11,3,S000370,서울하이패스센터쉼터,0001,용우동,1100030927,가정식돈까스
2025-11,4,S000370,서울하이패스센터쉼터,0002,딜라이트커피,1100023036,아메리카노
2025-11,5,S000370,서울하이패스센터쉼터,0001,용우동,1100037145,김치볶음밥
2025-11,1,S000372,통도사(부산)휴게소,0022,호두코너,1100039842,즉석호두과자(20개입)
2025-11,2,S000372,통도사(부산)휴게소,0003,한식코너,1100037341,제주흑돼지김치찌개
2025-11,3,S000372,통도사(부산)휴게소,0003,한식코너,1100043608,해물순두부찌개
2025-11,4,S000372,통도사(부산)휴게소,0022,호두코너,1100027190,(알뜰간식)즉석호두과자(10개입)
2025-11,5,S000372,통도사(부산)휴게소,0002,코바코코너,1100021889,(코바코)왕돈가스
2025-11,1,S000404,옥천만남휴게소,0016,편의점CU,1100004138,담배
2025-11,2,S000404,옥천만남휴게소,0016,편의점CU,1200020437,음료
2025-11,3,S000404,옥천만남휴게소,0016,편의점CU,1100002963,간편식사
2025-11,4,S000404,옥천만남휴게소,0016,편의점CU,1300009798,과자류
2025-11,5,S000404,옥천만남휴게소,0016,편의점CU,1100004205,빵/떡/디저트
2025-11,1,S000408,기흥복합휴게소,0134,120_링스,1300000766,링스_100000
2025-11,2,S000408,기흥복합휴게소,0142,128_디즈니골프,1200013206,디즈니골프(100000)
2025-11,3,S000408,기흥복합휴게소,0140,126_지프,1300008626,지프의류(100000)
2025-11,4,S000408,기흥복합휴게소,0119,명인밥상,1100001120,한우국밥
2025-11,5,S000408,기흥복합휴게소,0116,비비큐,1100034364,불고기버거(BBQ)
2025-11,1,S000413,금왕(평택)휴게소,0010,110_코바코,1100001518,금왕돈가스
2025-11,2,S000413,금왕(평택)휴게소,0048,217_브라더꽈배기,1100016350,브라더꽈배기(7개)
2025-11,3,S000413,금왕(평택)휴게소,0048,217_브라더꽈배기,1100016349,브라더찹쌀(5000원)
2025-11,4,S000413,금왕(평택)휴게소,0009,100_한식,1100020705,콩아저씨네해물순두부
2025-11,5,S000413,금왕(평택)휴게소,0009,100_한식,1100015796,돌솥비빔밥 
2025-11,1,S000414,금왕(제천)휴게소,0067,151_브로 꽈배기,1100016350,꽈배기(7개)
2025-11,2,S000414,금왕(제천)휴게소,0067,151_브로 꽈배기,1100016349,꽈배기(3개)
2025-11,3,S000414,금왕(제천)휴게소,0074,255_금왕분식,1100045216,소상공인)땅콩빵[5000]
2025-11,4,S000414,금왕(제천)휴게소,0057,121_용우동,1100026722,꼬치어묵우동
2025-11,5,S000414,금왕(제천)휴게소,0011,100_한식,1100029130,(청주본가)왕갈비탕
2025-11,1,S000415,옥천(부산)휴게소,0066,놀부부대찌개,1100044036,놀부부대찌개(11000)
2025-11,2,S000415,옥천(부산)휴게소,0076,엔제리너스,1100033163,(H)유자티R
2025-11,3,S000415,옥천(부산)휴게소,0005,양식,1100040003,옛날왕돈가스
2025-11,4,S000415,옥천(부산)휴게소,0082,제순식당,1100044612,매콤제육덮밥[제순]
2025-11,5,S000415,옥천(부산)휴게소,0004,한식,1100042374,육개장(10000)
2025-11,1,S000416,원주(춘천)휴게소,0054,엔제리너스,1100036983,(엔젤)HOT아메리카노(S)
2025-11,2,S000416,원주(춘천)휴게소,0054,엔제리너스,1100036981,(엔젤)ICE아메리카노(S)
2025-11,3,S000416,원주(춘천)휴게소,0002,한식당,1100030661,한우국밥
2025-11,4,S000416,원주(춘천)휴게소,0071,아띠몽,1100042310,(아띠몽)호두과자(10개입)
2025-11,5,S000416,원주(춘천)휴게소,0045,용우동,1100026770,(용우동)꼬치어묵우동
2025-11,1,S000417,원주(부산)휴게소,0074,아띠몽,1100042310,(아띠몽)호두과자(10개입)
2025-11,2,S000417,원주(부산)휴게소,0002,한식당,1100030661,한우소고기국밥
2025-11,3,S000417,원주(부산)휴게소,0035,돈가스,1100041276,왕돈가스
2025-11,4,S000417,원주(부산)휴게소,0056,엔제리너스커피,1100036983,(엔젤)HOT아메리카노(S)
2025-11,5,S000417,원주(부산)휴게소,0056,엔제리너스커피,1100036980,(엔젤)ICE아메리카노(R)
2025-11,1,S000418,경산(서울)휴게소,0058,식당가KIOSK,1100041276,왕돈가스
2025-11,2,S000418,경산(서울)휴게소,0058,식당가KIOSK,1100044036,놀부부대찌개(11000)
2025-11,3,S000418,경산(서울)휴게소,0092,아띠몽,1100042310,(아띠몽)호두과자(10개입)
2025-11,4,S000418,경산(서울)휴게소,0073,엔제리너스,1100046245,(엔젤)HOT아메리카노(S)
2025-11,5,S000418,경산(서울)휴게소,0084,브이시즌,1300000817,클라이머홀릭&브이시즌100000
2025-11,1,S000419,보성녹차(영암)휴게소,0065,명품먹거리,1100027344,보성꼬막비빔밥
2025-11,2,S000419,보성녹차(영암)휴게소,0045,커피(할리스),1100044578,(할리스)카페아메리카노(R)
2025-11,3,S000419,보성녹차(영암)휴게소,0003,한식당,1100043608,해물순두부찌개
2025-11,4,S000419,보성녹차(영암)휴게소,0058,소미미매장,1100038582,소미미단팥빵(2300원)
2025-11,5,S000419,보성녹차(영암)휴게소,0003,한식당,1100044097,돼지고기김치찌개
2025-11,1,S000420,보성녹차(순천)휴게소,0079,명품먹거리,1100027344,보성꼬막비빔밥
2025-11,2,S000420,보성녹차(순천)휴게소,0057,할리스,1100044578,(할리스)카페아메리카노(R)
2025-11,3,S000420,보성녹차(순천)휴게소,0019,한식당,1100043608,해물순두부
2025-11,4,S000420,보성녹차(순천)휴게소,0071,소미미매장,1100038581,소미미단팥빵(2800원)
2025-11,5,S000420,보성녹차(순천)휴게소,0019,한식당,1100044097,돼지고기김치찌개
2025-11,1,S000421,영암(목포)휴게소,0006,아비카커피,1100011410,오늘의커피(2800) 오늘의커피
2025-11,2,S000421,영암(목포)휴게소,0001,01_편의점,1200084966,티오피)마스터라떼캔275ml
2025-11,3,S000421,영암(목포)휴게소,0001,01_편의점,1200021116,4500담배 에쎄순0.1
2025-11,4,S000421,영암(목포)휴게소,0001,01_편의점,1200062489,부라보콘
2025-11,5,S000421,영암(목포)휴게소,0001,01_편의점,1200061422,칸타타)라떼캔275ml
2025-11,1,S000422,영암(광양)휴게소,0009,아비카커피,1100011410,오늘의커피(2800) 오늘의커피
2025-11,2,S000422,영암(광양)휴게소,0001,01_편의점,1200084966,티오피)마스터라떼캔275ml
2025-11,3,S000422,영암(광양)휴게소,0001,01_편의점,1200061422,칸타타)라떼캔275ml
2025-11,4,S000422,영암(광양)휴게소,0001,01_편의점,1200021124,4500담배 에쎄체인지1mg
2025-11,5,S000422,영암(광양)휴게소,0001,01_편의점,1200070735,구운오징어땅콩볼
2025-11,1,S000426,행담도휴게소,0110,모다아울렛,1300002110,모다)100000
2025-11,2,S000426,행담도휴게소,0003,투썸하행,1100014312,(투썸)ICE아메리카노디카페인(L)
2025-11,3,S000426,행담도휴게소,0001,푸드오클락,1100008630,꼬치어묵우동
2025-11,4,S000426,행담도휴게소,0028,호두과자(1),1100037524,호두과자(20개입)
2025-11,5,S000426,행담도휴게소,0008,올포라,1200004056,올포라100000
2025-11,1,S000443,천등산(제천)휴게소,0009,브라더꽈배기,1100029966,브라더꽈배기3개
2025-11,2,S000443,천등산(제천)휴게소,0018,파스쿠치,1100029822,(파스쿠찌)ICE/HOT아메리카노(L)
2025-11,3,S000443,천등산(제천)휴게소,0003,한식,1100038238,솥밥)우렁순두부찌개
2025-11,4,S000443,천등산(제천)휴게소,0003,한식,1100041225,솥밥)남한강올갱이해장국
2025-11,5,S000443,천등산(제천)휴게소,0004,양식,1100031785,천등산왕돈가스
2025-11,1,S000444,천등산(평택)휴게소,0032,브라더꽈배기,1100029966,브라더꽈배기3개
2025-11,2,S000444,천등산(평택)휴게소,0021,파스쿠치,1100036382,(파스쿠찌)HOT아메리카노(L)
2025-11,3,S000444,천등산(평택)휴게소,0021,파스쿠치,1100036391,[PC]아메리카노L
2025-11,4,S000444,천등산(평택)휴게소,0004,양식,1100031785,천등산왕돈가스
2025-11,5,S000444,천등산(평택)휴게소,0003,한식,1100038238,우렁순두부찌개(솥밥)
2025-11,1,S000454,충주(창원)휴게소,0002,양식당,1100025327,사과수제돈가스
2025-11,2,S000454,충주(창원)휴게소,0003,하이면,1100037133,신)부산어묵우동
2025-11,3,S000454,충주(창원)휴게소,0098,충주사과빵,1100023710,충주사과빵(14개입)
2025-11,4,S000454,충주(창원)휴게소,0001,한식1,1100040880,장터버섯국밥
2025-11,5,S000454,충주(창원)휴게소,0001,한식1,1100036744,한식)장터육개장
2025-11,1,S000455,주암(천안)휴게소,0030,탐앤탐스,1100045803,(탐앤탐스)HOT아메리카노(T)
2025-11,2,S000455,주암(천안)휴게소,0030,탐앤탐스,1100045794,(탐앤탐스)ICE아메리카노(T)
2025-11,3,S000455,주암(천안)휴게소,0004,한식당,1100033291,순두부찌개
2025-11,4,S000455,주암(천안)휴게소,0007,라면코너,1100034555,(실속상품)ex-라면
2025-11,5,S000455,주암(천안)휴게소,0032,건봉국밥,1100039247,(건봉국밥)건봉국밥
2025-11,1,S000456,주암(순천)휴게소,0030,탐앤탐스,1100045803,(탐앤탐스)HOT아메리카노(T)
2025-11,2,S000456,주암(순천)휴게소,0030,탐앤탐스,1100045794,(탐앤탐스)ICE아메리카노(T)
2025-11,3,S000456,주암(순천)휴게소,0031,건봉국밥,1100039247,(건봉국밥)건봉국밥
2025-11,4,S000456,주암(순천)휴게소,0007,라면,1100034555,(실속상품)ex-라면
2025-11,5,S000456,주암(순천)휴게소,0004,한식,1100032818,돼지짜글이
2025-11,1,S000457,순천(순천)휴게소,0028,(탐앤탐스)탐앤탐스,1100036355,(탐앤탐스)HOT아메리카노(T)
2025-11,2,S000457,순천(순천)휴게소,0002,한식당,1100022097,육개장9000(중원)
2025-11,3,S000457,순천(순천)휴게소,0028,(탐앤탐스)탐앤탐스,1100036342,(탐앤탐스)ICE아메리카노(T)
2025-11,4,S000457,순천(순천)휴게소,0002,한식당,1100016430,갈비탕(중원) 
2025-11,5,S000457,순천(순천)휴게소,0001,편의점,1200077983,신동_명가꽈배기
2025-11,1,S000458,횡성(강릉)휴게소,0117,①횡성반상,1100024643,횡성한우국밥
2025-11,2,S000458,횡성(강릉)휴게소,0198,②봉화산설렁탕,1100024443,(봉화산설렁탕)봉화산설렁탕
2025-11,3,S000458,횡성(강릉)휴게소,0125,호두과자코너(직영),1100006240,(알뜰간식)호두과자(10개입)
2025-11,4,S000458,횡성(강릉)휴게소,0222,돈까스,1100019848,왕돈까스
2025-11,5,S000458,횡성(강릉)휴게소,0090,탐엔탐스-외부,1100023881,(탐앤탐스)HOT아메리카노(S)
2025-11,1,S000459,평창(강릉)휴게소,0061,평창반상,1100033486,소고기국밥
2025-11,2,S000459,평창(강릉)휴게소,0064,우동규동,1100024680,꼬치어묵우동
2025-11,3,S000459,평창(강릉)휴게소,0093,직영-탐앤탐스,1100023881,(탐앤탐스)HOT아메리카노(T)
2025-11,4,S000459,평창(강릉)휴게소,0061,평창반상,1100025865,(실속상품)순두부찌개
2025-11,5,S000459,평창(강릉)휴게소,0061,평창반상,1100020884,돼지고기 김치찌개
2025-11,1,S000460,구정(삼척)휴게소,0003,구정반상 한식당우동라면,1100025251,계란떡라면
2025-11,2,S000460,구정(삼척)휴게소,0003,구정반상 한식당우동라면,1100019848,왕돈까스
2025-11,3,S000460,구정(삼척)휴게소,0020,탐앤탐스,1100045803,탐탐_카페아메리카노
2025-11,4,S000460,구정(삼척)휴게소,0003,구정반상 한식당우동라면,1100000644,김치찌개
2025-11,5,S000460,구정(삼척)휴게소,0003,구정반상 한식당우동라면,1100024628,육개장
2025-11,1,S000461,평창(인천)휴게소,0042,투썸,1100044865,T투썸_I아메리카노R
2025-11,2,S000461,평창(인천)휴게소,0004,천안명물호두과자,1100035954,호두과자(간식용)
2025-11,3,S000461,평창(인천)휴게소,0042,투썸,1100044872,T투썸_아메리카노R
2025-11,4,S000461,평창(인천)휴게소,0011,평창 소고기국밥,1100019844,평창소고기국밥
2025-11,5,S000461,평창(인천)휴게소,0009,평창왕돈까스,1100033425,평창왕돈까스
2025-11,1,S000472,충주(양평)휴게소,0003,한식,1100038238,새뱅이순두부
2025-11,2,S000472,충주(양평)휴게소,0004,돈가스,1100039154,사과돈가스
2025-11,3,S000472,충주(양평)휴게소,0003,한식,1100041015,소고기국밥
2025-11,4,S000472,충주(양평)휴게소,0056,JDX,1300000057,JDX 100
2025-11,5,S000472,충주(양평)휴게소,0003,한식,1100001149,사과한돈제육덮밥
2025-11,1,S000477,강천산(광주)휴게소,0003,500커피(우),1100013850,자판기커피(모카골드믹스외1종) 자판기커피(500)
2025-11,1,S000480,외동(포항)휴게소,0003,한식,1100028538,(경주천년한우)천년한우국밥
2025-11,2,S000480,외동(포항)휴게소,0028,파스쿠찌,1100044473,PC_H아메리카노R
2025-11,3,S000480,외동(포항)휴게소,0003,한식,1100030569,해물순두부찌개.
2025-11,4,S000480,외동(포항)휴게소,0004,코바코,1100036915,(코바코)등심돈가스
2025-11,5,S000480,외동(포항)휴게소,0003,한식,1100037588,우리돼지김치찌개
2025-11,1,S000482,강릉(인천)휴게소,0051,엔젤,1100046132,[AI]I아메리카노R
2025-11,2,S000482,강릉(인천)휴게소,0073,아띠몽,1100042310,아띠몽호두과자10P
2025-11,3,S000482,강릉(인천)휴게소,0030,돈가스코너,1100041276,왕돈가스
2025-11,4,S000482,강릉(인천)휴게소,0030,돈가스코너,1100027813,강릉돈가스
2025-11,5,S000482,강릉(인천)휴게소,0059,인생설렁탕,1100042424,인생)인생설렁탕(9500)
2025-11,1,S000483,강릉(강릉)휴게소,0005,한식당,1100030736,초당두부황태해장국
2025-11,2,S000483,강릉(강릉)휴게소,0059,아띠몽,1100042310,아띠몽호두과자10P
2025-11,3,S000483,강릉(강릉)휴게소,0041,엔제리너스,1100046245,(AI)H아메리카노S
2025-11,4,S000483,강릉(강릉)휴게소,0005,한식당,1100032032,육개장
2025-11,5,S000483,강릉(강릉)휴게소,0007,105_우동,1100042347,(코바코)오뎅꼬치우동
2025-11,1,S000484,양양(동해)휴게소,0001,010_편의점,1200051346,유재건어물2가지맛B
2025-11,2,S000484,양양(동해)휴게소,0007,특산품,1200037779,동전쥐포.
2025-11,3,S000484,양양(동해)휴게소,0001,010_편의점,1200063518,스타벅스더블샷에스프레소&크림
2025-11,4,S000484,양양(동해)휴게소,0001,010_편의점,1200031199,스타벅스파이크플레이스커피
2025-11,5,S000484,양양(동해)휴게소,0001,010_편의점,1200035244,(주)오리온 더 자일리톨 102g
2025-11,1,S000485,양양(속초)휴게소,0001,030_편의점,1200051346,유재건어물2가지맛B
2025-11,2,S000485,양양(속초)휴게소,0007,특산품,1200037779,동전쥐포.
2025-11,3,S000485,양양(속초)휴게소,0001,030_편의점,1200014277,스타벅스커피
2025-11,4,S000485,양양(속초)휴게소,0001,030_편의점,1200066285,스타벅스파이크블랙
2025-11,5,S000485,양양(속초)휴게소,0001,030_편의점,1200035132,칸타타콘트라베이스
2025-11,1,S000486,영천(포항)휴게소,0036,(신)한식,1100023739,차돌박이된장찌개
2025-11,2,S000486,영천(포항)휴게소,0049,클라이머홀릭(외주),1200013058,클라이머홀릭(10000) 클라이머홀릭(10000)
2025-11,3,S000486,영천(포항)휴게소,0037,(신)양식,1100036002,(코바코)등심돈가스
2025-11,4,S000486,영천(포항)휴게소,0042,(신)탐앤탐스(직영),1100045803,(탐앤탐스)HOT아메리카노(R)
2025-11,5,S000486,영천(포항)휴게소,0036,(신)한식,1100021854,돼지김치찌개
2025-11,1,S000487,영천(대구)휴게소,0040,(신)한식(직영),1100030542,영천돼지고기짜글이
2025-11,2,S000487,영천(대구)휴게소,0045,(신)탐앤탐스(외주),1100045794,(탐앤탐스)ICE아메리카노(R.)
2025-11,3,S000487,영천(대구)휴게소,0040,(신)한식(직영),1100033147,만두순두부
2025-11,4,S000487,영천(대구)휴게소,0045,(신)탐앤탐스(외주),1100045803,(탐앤탐스)HOT아메리카노(R.)
2025-11,5,S000487,영천(대구)휴게소,0082,(신)클라이머홀릭,1300000828,의류(전문매장) 클라이머홀릭(100000)
2025-11,1,S000488,영광(목포)휴게소,0001,편의점,1200021266,4500담배 에쎄라이트
2025-11,2,S000488,영광(목포)휴게소,0001,편의점,1200021258,4500담배 에쎄수1mg(4500)
2025-11,3,S000488,영광(목포)휴게소,0001,편의점,1200040553,에쎄체인지히말라야
2025-11,4,S000488,영광(목포)휴게소,0001,편의점,1200021256,5000담배 에쎄스페셜골드1mg
2025-11,5,S000488,영광(목포)휴게소,0005,자판기(커피),1100013850,자판기커피(500)
2025-11,1,S000489,옥계(속초)휴게소,0010,07_한식당,1100040640,제육짜글이
2025-11,2,S000489,옥계(속초)휴게소,0059,돈가스,1100040004,감튀옛날돈가스
2025-11,3,S000489,옥계(속초)휴게소,0063,달콤커피,1100026231,(달콤커피)HOT아메리카노(R)
2025-11,4,S000489,옥계(속초)휴게소,0010,07_한식당,1100000256,묵은지김치찌개
2025-11,5,S000489,옥계(속초)휴게소,0063,달콤커피,1100026232,(달콤커피)ICE아메리카노(R)
2025-11,1,S000490,구리(일산)휴게소,0034,만쥬리아,1100027353,(알뜰간식)만쥬리아(10개입)
2025-11,2,S000490,구리(일산)휴게소,0037,코바코돈가스,1100033290,(코바코)옛날돈가스
2025-11,3,S000490,구리(일산)휴게소,0002,라면/덮밥,1100024625,떡라면
2025-11,4,S000490,구리(일산)휴게소,0006,한식매장,1100031775,흑돼지버섯제육볶음
2025-11,5,S000490,구리(일산)휴게소,0002,라면/덮밥,1100037455,(실속상품)ex-라면
2025-11,1,S000497,산삼골(광주)휴게소,0001,한식당,1100027812,등심돈가스
2025-11,2,S000497,산삼골(광주)휴게소,0003,탐앤탐스,1100045803,탐탐_카페아메리카노
2025-11,3,S000497,산삼골(광주)휴게소,0013,우동코너,1100023409,떡만두라면 
2025-11,4,S000497,산삼골(광주)휴게소,0001,한식당,1100024041,육개장(9000)
2025-11,5,S000497,산삼골(광주)휴게소,0003,탐앤탐스,1100045794,탐탐_아이스 카페아메리카노
2025-11,1,S000498,산삼골(대구)휴게소,0001,한식당,1100027812,등심돈가스
2025-11,2,S000498,산삼골(대구)휴게소,0001,한식당,1100024041,육개장(9000)
2025-11,3,S000498,산삼골(대구)휴게소,0013,우동코너,1100023409,떡만두라면 
2025-11,4,S000498,산삼골(대구)휴게소,0003,탐앤탐스,1100045803,탐탐_카페아메리카노
2025-11,5,S000498,산삼골(대구)휴게소,0003,탐앤탐스,1100045794,탐탐_아이스 카페아메리카노
2025-11,1,S000523,백양사(순천)휴게소,0002,식당(일반),1100038238,해물순두부찌개
2025-11,2,S000523,백양사(순천)휴게소,0033,놀부부대찌개,1100039348,부대찌개정식
2025-11,3,S000523,백양사(순천)휴게소,0022,커피(할리스),1100044578,(할리스)HOT카페아메(R)
2025-11,4,S000523,백양사(순천)휴게소,0002,식당(일반),1100043392,불고기비빔밥
2025-11,5,S000523,백양사(순천)휴게소,0010,외부매장(어묵핫바외),1100006220,(알뜰간식)호두과자(10개입)
2025-11,1,S000524,오창(남이)휴게소,0002,식당(일반),1100038238,해물순두부찌개
2025-11,2,S000524,오창(남이)휴게소,0037,(명품)금강설렁탕,1100047116,(금강설렁탕)살코기설렁탕
2025-11,3,S000524,오창(남이)휴게소,0022,식당(양식),1100036915,돈가스
2025-11,4,S000524,오창(남이)휴게소,0037,(명품)금강설렁탕,1100047115,(금강설렁탕)머릿고기설렁탕
2025-11,5,S000524,오창(남이)휴게소,0005,스낵(우동),1100044122,(실속상품)우동
2025-11,1,S000533,양북임시(상)휴게소,0005,GS편의점,1200064015,롯데)아이시스8.0(500M
2025-11,2,S000533,양북임시(상)휴게소,0005,GS편의점,1200077980,아메리카노L
2025-11,3,S000533,양북임시(상)휴게소,0005,GS편의점,1200077979,아메리카노M
2025-11,4,S000533,양북임시(상)휴게소,0005,GS편의점,1200063007,서울)강릉커피라떼250ML
2025-11,5,S000533,양북임시(상)휴게소,0003,자판기,1100013850,자판기커피(모카골드믹스외1종) 자판기커피(500)
2025-11,1,S000540,홍천(서울)휴게소,0011,250_호두과자,1100027398,호두과자(20개입)
2025-11,2,S000540,홍천(서울)휴게소,0011,250_호두과자,1100035955,(알뜰간식)호두과자(10개입)
2025-11,3,S000540,홍천(서울)휴게소,0038,산골황태3대식당,1100017858,산골황태국밥
2025-11,4,S000540,홍천(서울)휴게소,0047,(할리스)커피(오가다유통),1100044578,(할리스)HOT아메리카노(R)
2025-11,5,S000540,홍천(서울)휴게소,0005,130_레스또란떼(양식),1100036004,사과왕돈가스
2025-11,1,S000541,홍천(양양)휴게소,0015,250_호두과자,1100027398,호두과자(20개입)
2025-11,2,S000541,홍천(양양)휴게소,0015,250_호두과자,1100035955,(알뜰간식)호두과자(10개입)
2025-11,3,S000541,홍천(양양)휴게소,0034,산골황태3대식당,1100017858,(산골황태3대식당)산골3대황태국밥
2025-11,4,S000541,홍천(양양)휴게소,0025,할리스,1100044578,(할리스)HOT아메리카노(R)
2025-11,5,S000541,홍천(양양)휴게소,0005,130_레스또란떼(양식),1100031785,화촌왕돈가스
2025-11,1,S000543,마장휴게소,0061,맥도날드(임대),1100044763,후렌치후라이_미디엄
2025-11,2,S000543,마장휴게소,0104,식당(이천돌솥밥),1100028534,이천돌솥밥설렁탕
2025-11,3,S000543,마장휴게소,0007,식당(하_일반),1100046948,소고기국밥(마장)
2025-11,4,S000543,마장휴게소,0061,맥도날드(임대),1100042829,콜라_미디엄
2025-11,5,S000543,마장휴게소,0040,의류(JDX),1300007593,의류(전문매장) JDX
2025-11,1,S000553,시흥하늘휴게소,0039,214_던킨도너츠,1100004326,도너츠 2900
2025-11,2,S000553,시흥하늘휴게소,0176,마성떡볶이,1100036362,마성꼬마김밥
2025-11,3,S000553,시흥하늘휴게소,0360,2(스)_호두붐붐,1100036597,씨앗팥앙금호두과자
2025-11,4,S000553,시흥하늘휴게소,0337,공차,1100035683,공차
2025-11,5,S000553,시흥하늘휴게소,0007,106_마리짱,1100001354,마리짱김밥
2025-11,1,S000554,속리산(청주)휴게소,0030,시루봉(한식),1100032963,입맛도는짜글이
2025-11,2,S000554,속리산(청주)휴게소,0030,시루봉(한식),1100033408,돌솥버섯불고기비빔밥
2025-11,3,S000554,속리산(청주)휴게소,0028,레스또란떼(양식),1100036004,보은사과왕돈가스
2025-11,4,S000554,속리산(청주)휴게소,0040,(투썸플레이스)투썸플레이스,1100044872,T투썸_아메리카노R
2025-11,5,S000554,속리산(청주)휴게소,0030,시루봉(한식),1100033487,순두부찌개(표준레시피)케이알
2025-11,1,S000555,상주(청원)휴게소,0001,편의점,1200000213,곶감
2025-11,2,S000555,상주(청원)휴게소,0003,커피자판기,1100005304,자판커피(500)
2025-11,3,S000555,상주(청원)휴게소,0001,편의점,1200006469,접시곶감
2025-11,4,S000555,상주(청원)휴게소,0001,편의점,1200057001,(자판기)휴라면
2025-11,5,S000555,상주(청원)휴게소,0001,편의점,1100014350,원두커피
2025-11,1,S000556,익산미륵사지(천안)휴게소,0047,한식,1100041109,통근김치찌개
2025-11,2,S000556,익산미륵사지(천안)휴게소,0070,양식,1100026842,통큰돈가스
2025-11,3,S000556,익산미륵사지(천안)휴게소,0055,커피온전히,1100014844,(커피온전히)ICE아메리카노
2025-11,4,S000556,익산미륵사지(천안)휴게소,0070,양식,1100042788,등심돈가스
2025-11,5,S000556,익산미륵사지(천안)휴게소,0054,명동칼국수,1100028290,명동칼만두(명동칼국수)
2025-11,1,S000557,익산미륵사지(순천)휴게소,0050,한식,1100041109,통큰김치찌개
2025-11,2,S000557,익산미륵사지(순천)휴게소,0050,한식,1100018451,전주식비빔밥
2025-11,3,S000557,익산미륵사지(순천)휴게소,0074,맛동순두부,1100000296,★맛동순두부찌개
2025-11,4,S000557,익산미륵사지(순천)휴게소,0074,맛동순두부,1100000279,★한방순두부찌개
2025-11,5,S000557,익산미륵사지(순천)휴게소,0046,호두과자/옥수수,1100006281,호두과자(20개입)
2025-11,1,S000558,당진(서울)졸음쉼터,0001,푸드트럭,1100020650,커피 3500
2025-11,2,S000558,당진(서울)졸음쉼터,0001,푸드트럭,1100020666,핫도그
2025-11,3,S000558,당진(서울)졸음쉼터,0001,푸드트럭,1100020672,스낵 2000
2025-11,4,S000558,당진(서울)졸음쉼터,0001,푸드트럭,1100021897,커피 3000
2025-11,5,S000558,당진(서울)졸음쉼터,0001,푸드트럭,1100020651,음료 2500
2025-11,1,S000559,당진(목포)졸음쉼터,0001,푸드트럭,1100040676,핫바류3500(신)
2025-11,2,S000559,당진(목포)졸음쉼터,0001,푸드트럭,1100029967,꼬치어묵
2025-11,3,S000559,당진(목포)졸음쉼터,0001,푸드트럭,1100017209,아메리카노(청년창업)
2025-11,4,S000559,당진(목포)졸음쉼터,0001,푸드트럭,1100020180,커피3000(신)
2025-11,5,S000559,당진(목포)졸음쉼터,0001,푸드트럭,1100020179,커피2500(신)
2025-11,1,S000563,울산행복드림쉼터,0017,(신)한식/양식,1100000813,돼지불고기덮밥(9000)
2025-11,2,S000563,울산행복드림쉼터,0017,(신)한식/양식,1100000117,육개장(8500)
2025-11,3,S000563,울산행복드림쉼터,0017,(신)한식/양식,1100001587,흑돈돈가스
2025-11,4,S000563,울산행복드림쉼터,0010,(신)고운동커피,1100025692,H1-아메리카노(4300)
2025-11,5,S000563,울산행복드림쉼터,0017,(신)한식/양식,1100030659,순두부찌개(8500)
2025-11,1,S000564,진천농다리졸음쉼터,0001,푸드트럭,1100020339,토스트
2025-11,2,S000564,진천농다리졸음쉼터,0001,푸드트럭,1100022347,아메리카노hot
2025-11,3,S000564,진천농다리졸음쉼터,0001,푸드트럭,1100020052,아메리카노ice
2025-11,4,S000564,진천농다리졸음쉼터,0001,푸드트럭,1100021780,탄산음료
2025-11,5,S000564,진천농다리졸음쉼터,0001,푸드트럭,1100023167,소시지핫바
2025-11,1,S000570,테스트휴게소,0026,쌈지,1100036744,B비정가테스트10000
2025-11,2,S000570,테스트휴게소,0004,자판기매장,1100012044,자판커피(카푸치노외3)
2025-11,3,S000570,테스트휴게소,0026,쌈지,1100040409,A비정가테스트10000
2025-11,4,S000570,테스트휴게소,0058,스낵짱,1100000004,별미곰탕
2025-11,5,S000570,테스트휴게소,0058,스낵짱,1100001374,충무김밥
2025-11,1,S000571,김포졸음쉼터외측,0001,푸드트럭,1100020844,뉴)햄치즈토스트
2025-11,2,S000571,김포졸음쉼터외측,0001,푸드트럭,1100028670,뉴)스페셜토스트
2025-11,3,S000571,김포졸음쉼터외측,0001,푸드트럭,1100020189,망고스무디
2025-11,4,S000571,김포졸음쉼터외측,0001,푸드트럭,1100017284,옛날핫도그그
2025-11,5,S000571,김포졸음쉼터외측,0001,푸드트럭,1100028674,뉴)모닝토스트
2025-11,1,S000574,성주(양평)휴게소,0005,050_별고을,1100027356,우리돼지김치찌개
2025-11,2,S000574,성주(양평)휴게소,0005,050_별고을,1100025870,고추장제육볶음
2025-11,3,S000574,성주(양평)휴게소,0005,050_별고을,1100007229,우렁된장찌개
2025-11,4,S000574,성주(양평)휴게소,0054,121_토스트땅콩빵,1100022383,땅콩)땅콩빵(30EA)
2025-11,5,S000574,성주(양평)휴게소,0005,050_별고을,1100037590,소고기국밥
2025-11,1,S000575,성주(창원)휴게소,0005,050_별고을,1100030746,제육불고기정식
2025-11,2,S000575,성주(창원)휴게소,0005,050_별고을,1100035426,김치찌개
2025-11,3,S000575,성주(창원)휴게소,0049,121_토스트땅콩빵,1100022383,땅콩)땅콩빵(30EA)
2025-11,4,S000575,성주(창원)휴게소,0005,050_별고을,1100035459,버섯된장찌개
2025-11,5,S000575,성주(창원)휴게소,0005,050_별고을,1100028871,참외고추장비빔밥
2025-11,1,S000577,김해금관가야휴게소,0032,(신)가야풍경채,1100027555,얼큰육개장(9000)
2025-11,2,S000577,김해금관가야휴게소,0035,(신)고운동커피,1100031653,(고운동)ICE아메리카노
2025-11,3,S000577,김해금관가야휴게소,0032,(신)가야풍경채,1100030659,순두부찌개(8500)
2025-11,4,S000577,김해금관가야휴게소,0032,(신)가야풍경채,1100033557,왕돈가스
2025-11,5,S000577,김해금관가야휴게소,0035,(신)고운동커피,1100025692,(고운동)HOT아메리카노
2025-11,1,S000580,김포졸음쉼터내측,0001,푸드트럭,1100023158,핫스테이크토스트
2025-11,2,S000580,김포졸음쉼터내측,0001,푸드트럭,1100022543,감자폭탄토스트
2025-11,3,S000580,김포졸음쉼터내측,0001,푸드트럭,1100020189,아메리카노_ICE
2025-11,4,S000580,김포졸음쉼터내측,0001,푸드트럭,1100020512,토스트
2025-11,5,S000580,김포졸음쉼터내측,0001,푸드트럭,1100019924,에그핫톡(세트)
2025-11,1,S000581,매송(서울)휴게소,0017,외부매장(호두과자),1100006283,호두과자(20개입)
2025-11,2,S000581,매송(서울)휴게소,0063,소미미매송점,1100038581,소미미단팥빵(2800원)
2025-11,3,S000581,매송(서울)휴게소,0017,외부매장(호두과자),1100036597,호두과자 선물용(40개입)
2025-11,4,S000581,매송(서울)휴게소,0017,외부매장(호두과자),1100006220,(알뜰간식)3000호두과자(10개)
2025-11,5,S000581,매송(서울)휴게소,0004,푸드(데미돈가스),1100045656,데미돈까스
2025-11,1,S000582,매송(목포)휴게소,0012,외부매장(호두과자),1100006283,호두과자
2025-11,2,S000582,매송(목포)휴게소,0026,푸드(데미돈가스),1100045656,데미돈까스
2025-11,3,S000582,매송(목포)휴게소,0012,외부매장(호두과자),1100006220,(알뜰간식)호두과자 3000(10개입)
2025-11,4,S000582,매송(목포)휴게소,0017,외부매장(아자부),1100019322,(미소비)ICE아메리카노(R)
2025-11,5,S000582,매송(목포)휴게소,0088,푸드(신머이쌀국수),1100040595,소고기쌀국수(곱배기)
2025-11,1,S000583,창녕(양평)졸음쉼터,0001,푸드트럭,1100017330,스페셜3단
2025-11,2,S000583,창녕(양평)졸음쉼터,0001,푸드트럭,1100017422,햄계란
2025-11,3,S000583,창녕(양평)졸음쉼터,0001,푸드트럭,1100017318,아메리카노(ICE)
2025-11,4,S000583,창녕(양평)졸음쉼터,0001,푸드트럭,1100017438,음료3
2025-11,5,S000583,창녕(양평)졸음쉼터,0001,푸드트럭,1100018342,간식 소떡/핫바/소세지
2025-11,1,S000585,현풍(대구)휴게소,0061,079_호두과자,1100047064,추억의땅콩빵
2025-11,2,S000585,현풍(대구)휴게소,0092,투썸플레이스,1100044872,T투썸_HOT아메리카노(R)
2025-11,3,S000585,현풍(대구)휴게소,0003,풍경마루,1100038238,몽글몽글순두부찌개
2025-11,4,S000585,현풍(대구)휴게소,0003,풍경마루,1100041232,시골장터소고기국밥
2025-11,5,S000585,현풍(대구)휴게소,0061,079_호두과자,1100035954,(알뜰간식)호두과자(12개입)
2025-11,1,S000586,현풍(창원)휴게소,0098,투썸플레이스,1100044872,T투썸_HOT아메리카노(R)
2025-11,2,S000586,현풍(창원)휴게소,0106,021_십원빵,1100046483,추억의땅콩빵
2025-11,3,S000586,현풍(창원)휴게소,0003,풍경마루,1100000235,소고기장터국밥
2025-11,4,S000586,현풍(창원)휴게소,0105,남산돈까스,1100001532,남산왕돈까스
2025-11,5,S000586,현풍(창원)휴게소,0098,투썸플레이스,1100044865,T투썸_ICE아메리카노(R)
2025-11,1,S000587,외동(부산)휴게소,0055,049_탐앤탐스,1100045785,탐탐_아이스 아메리카노(G)
2025-11,2,S000587,외동(부산)휴게소,0096,031_남산돈까스,1100031593,남산왕돈까스
2025-11,3,S000587,외동(부산)휴게소,0002,020_풍경마루,1100000201,천년한우장터국밥
2025-11,4,S000587,외동(부산)휴게소,0055,049_탐앤탐스,1100045746,탐탐_아메리카노 (G)
2025-11,5,S000587,외동(부산)휴게소,0100,외동딸빵집,1100045215,빵류(4500)_외동딸빵집
2025-11,1,S000588,양북임시(하)휴게소,0010,050_탐엔탐스커피점,1100007694,(HOT)아메리카노(소)
2025-11,2,S000588,양북임시(하)휴게소,0007,20_특산품매장,1200071084,경주빵 600g
2025-11,3,S000588,양북임시(하)휴게소,0007,20_특산품매장,1200053457,다인명가찰보리빵(600g)
2025-11,4,S000588,양북임시(하)휴게소,0010,050_탐엔탐스커피점,1100005382,(ICE)아메리카노(소)
2025-11,5,S000588,양북임시(하)휴게소,0010,050_탐엔탐스커피점,1100010384,(HOT)카페라떼(소)
2025-11,1,S000589,함양(대전)휴게소,0003,한식당/우동/옥연,1100018444,장터국밥
2025-11,2,S000589,함양(대전)휴게소,0051,[042]_땅콩빵,1100046483,옹기종기땅콩빵(30개)
2025-11,3,S000589,함양(대전)휴게소,0003,한식당/우동/옥연,1100033410,애호박돼지김치찌개
2025-11,4,S000589,함양(대전)휴게소,0048,(달콤커피),1100040143,(달콤커피)HOT아메리카노(R)
2025-11,5,S000589,함양(대전)휴게소,0003,한식당/우동/옥연,1100008790,순창고추장비빔밥
2025-11,1,S000590,청주(서울)휴게소,0041,015_양식,1100036915,(남산)왕돈까스
2025-11,2,S000590,청주(서울)휴게소,0102,덮밥 부대찌개,1100041515,(푸드몰)마라부대찌개[11000]
2025-11,3,S000590,청주(서울)휴게소,0116,0141_청주본가,1100029130,갈비탕13000
2025-11,4,S000590,청주(서울)휴게소,0040,014_한식,1100017520,청주소고기국밥
2025-11,5,S000590,청주(서울)휴게소,0105,70_즉석꼬마김밥,1100001288,즉석꼬마김밥5개
2025-11,1,S000591,진안마이산(익산)휴게소,0029,(달콤커피)달콤커피,1100040143,(달콤커피)HOT아메리카노(R)
2025-11,2,S000591,진안마이산(익산)휴게소,0003,100_한식당,1100030885,해물순두부찌개
2025-11,3,S000591,진안마이산(익산)휴게소,0003,100_한식당,1100023427,흑돼지등심돈가스
2025-11,4,S000591,진안마이산(익산)휴게소,0003,100_한식당,1100031443,흑돼지제육덮밥
2025-11,5,S000591,진안마이산(익산)휴게소,0003,100_한식당,1100037243,돈가스제육덮밥
2025-11,1,S000592,예산(당진)휴게소,0028,의류매장01,1300000312,의류10000
2025-11,2,S000592,예산(당진)휴게소,0041,식당(양식),1100025092,사과돈가스
2025-11,3,S000592,예산(당진)휴게소,0042,오늘도곰탕(창업),1100040161,나주곰탕(청년)
2025-11,4,S000592,예산(당진)휴게소,0041,식당(양식),1100038196,(명품)포도수제돈가스
2025-11,5,S000592,예산(당진)휴게소,0002,식당(일반),1100044886,김치찌개
2025-11,1,S000593,서하남행복드림쉼터,0002,스낵(우동),1100044274,꼬치어묵우동(7500)
2025-11,2,S000593,서하남행복드림쉼터,0009,던킨도너츠,1100006002,치메이빵
2025-11,3,S000593,서하남행복드림쉼터,0009,던킨도너츠,1100006156,즉석찹쌀도너츠
2025-11,4,S000593,서하남행복드림쉼터,0009,던킨도너츠,1100036044,던킨)오레오크림치즈필드
2025-11,5,S000593,서하남행복드림쉼터,0011,커피(EXPRESSO),1100010828,아메리카노&쿠키set
2025-11,1,S000594,구리남양주행복드림쉼터,0003,잡수입,1300005176,운영장려금
2025-11,2,S000594,구리남양주행복드림쉼터,0005,서울도너츠,1100037189,(서울)ICE아메리카노(4000)
2025-11,3,S000594,구리남양주행복드림쉼터,0005,서울도너츠,1100037190,(서울)HOT아메리카노(4000)
2025-11,4,S000594,구리남양주행복드림쉼터,0004,편의점CU,1200062873,아이시스 롯데)아이시스8.0P500ml
2025-11,5,S000594,구리남양주행복드림쉼터,0004,편의점CU,1200021124,4500담배
2025-11,1,S000595,김포행복드림쉼터,0004,잡수입,1300005176,운영장려금
2025-11,2,S000595,김포행복드림쉼터,0006,편의점CU,1100004071,즉석)CU)일반라면용기N
2025-11,3,S000595,김포행복드림쉼터,0013,서울도너츠,1100038993,(서울)강남꽈배기
2025-11,4,S000595,김포행복드림쉼터,0006,편의점CU,1200021124,에쎄체인지1mg
2025-11,5,S000595,김포행복드림쉼터,0006,편의점CU,1200069492,빙그레)바나나우유240ml
2025-11,1,S000598,군자행복드림쉼터,0004,잡수입(잡수입),1300005176,운영장려금
2025-11,2,S000598,군자행복드림쉼터,0001,편의점CU,1200069176,CJ맥스봉빅소시지150g
2025-11,3,S000598,군자행복드림쉼터,0004,잡수입(잡수입),1300005177,결품지원상품발주매출장려금
2025-11,4,S000598,군자행복드림쉼터,0001,편의점CU,1200042268,얼음컵 del)빅컵얼음230g
2025-11,5,S000598,군자행복드림쉼터,0001,편의점CU,1200069492,빙그레)바나나우유240ml
2025-11,1,S000602,함양(통영)휴게소,0044,달콤커피,1100040143,(달콤커피)HOT아메리카노(R)
2025-11,2,S000602,함양(통영)휴게소,0003,020_한식당,1100018444,장터국밥
2025-11,3,S000602,함양(통영)휴게소,0003,020_한식당,1100040823,백년가게_새집추어탕.
2025-11,4,S000602,함양(통영)휴게소,0003,020_한식당,1100008790,순창고추장비빔밥
2025-11,5,S000602,함양(통영)휴게소,0024,021_양식당,1100022140,등심돈가스
2025-11,1,S000606,가남(창원)졸음쉼터,0001,푸드트럭,1100020512,프리미엄옛날토스트
2025-11,2,S000606,가남(창원)졸음쉼터,0001,푸드트럭,1100019953,자이언트 페퍼 소세지롤
2025-11,3,S000606,가남(창원)졸음쉼터,0001,푸드트럭,1100022347,더치커피
2025-11,4,S000606,가남(창원)졸음쉼터,0001,푸드트럭,1100024084,소떡소떡
2025-11,5,S000606,가남(창원)졸음쉼터,0001,푸드트럭,1100020187,아이스아메리카노
2025-11,1,S000611,서천(목포)휴게소,0006,외부매장(호두과자),1100006283,호두과자선물용(20개입)
2025-11,2,S000611,서천(목포)휴게소,0007,커피(할리스),1100044578,(할리스)HOT아메리카노(R)
2025-11,3,S000611,서천(목포)휴게소,0004,스낵(라면),1100037455,(실속상품)ex-라면
2025-11,4,S000611,서천(목포)휴게소,0006,외부매장(호두과자),1100006220,(알뜰간식)호두과자(10개입)
2025-11,5,S000611,서천(목포)휴게소,0023,외부매장(고수록떡),1100040051,모시떡(7000)
2025-11,1,S000612,서천(서울)휴게소,0028,드롭탑,1100045277,(드롭탑)I아메리카노(R)
2025-11,2,S000612,서천(서울)휴게소,0024,한식양식,1100024951,얼큰순두부(7500)
2025-11,3,S000612,서천(서울)휴게소,0025,용우동라면,1100019251,부산꼬치어묵우동
2025-11,4,S000612,서천(서울)휴게소,0010,호두과자,1100006220,(알뜰간식)우리밀호두과자(8개입)
2025-11,5,S000612,서천(서울)휴게소,0024,한식양식,1100023427,돈가스
2025-11,1,S000613,함안(부산)휴게소,0110,012_남산돈까스,1100043290,남산왕돈가스
2025-11,2,S000613,함안(부산)휴게소,0010,032_맥반석,1100028962,맥반석대왕오징어(하)
2025-11,3,S000613,함안(부산)휴게소,0019,033_호두과자,1100006283,호두과자
2025-11,4,S000613,함안(부산)휴게소,0004,011_풍경마루,1100000575,소고기장터국밥[풍경]
2025-11,5,S000613,함안(부산)휴게소,0004,011_풍경마루,1100036482,돼지고기김치찌개
2025-11,1,S000614,함안(순천)휴게소,0117,남산돈까스,1100043290,남산왕돈까스
2025-11,2,S000614,함안(순천)휴게소,0004,탕/비빔밥,1100041232,소고기국밥
2025-11,3,S000614,함안(순천)휴게소,0101,알뜰매장,1100003221,(알뜰간식)꼬치어묵
2025-11,4,S000614,함안(순천)휴게소,0073,파스쿠찌(외주),1100044473,(파스쿠찌)HOT아메리카노(R)
2025-11,5,S000614,함안(순천)휴게소,0118,호두붐붐,1100036599,팥호두붐붐
2025-11,1,S000615,예산(대전)휴게소,0058,(신)양식,1100036002,사과돈가스
2025-11,2,S000615,예산(대전)휴게소,0061,(신)새이학,1100000172,공주국밥
2025-11,3,S000615,예산(대전)휴게소,0069,(신)파스쿠찌,1100044473,(파스쿠찌)HOT아메리카노(R)
2025-11,4,S000615,예산(대전)휴게소,0057,(신)한식,1100037341,김치찌개
2025-11,5,S000615,예산(대전)휴게소,0058,(신)양식,1100031785,치즈돈가스
2025-11,1,S000618,신탄진(부산)졸음쉼터,0001,푸드트럭,1100025055,여기김밥
2025-11,2,S000618,신탄진(부산)졸음쉼터,0001,푸드트럭,1100020049,어묵1개
2025-11,3,S000618,신탄진(부산)졸음쉼터,0001,푸드트럭,1100020799,고기만두(5개)
2025-11,4,S000618,신탄진(부산)졸음쉼터,0001,푸드트럭,1100017395,군만두
2025-11,5,S000618,신탄진(부산)졸음쉼터,0001,푸드트럭,1100043149,참치김밥
2025-11,1,S000619,평택휴게소,0043,네파행사,1300000835,의류(전문매장)
2025-11,2,S000619,평택휴게소,0034,진한국물탕,1100036172,평택나루사골우거지국밥
2025-11,3,S000619,평택휴게소,0031,별의별면,1100002467,속도위반우동
2025-11,4,S000619,평택휴게소,0039,집밥이 그리울때,1100000383,제육김치정식
2025-11,5,S000619,평택휴게소,0038,호두과자,1100021242,우리밀 호두과자(12개입)
2025-11,1,S000621,장흥정남진휴게소,0007,1_한식/양식,1100030559,장흥표고버섯 불고기
2025-11,2,S000621,장흥정남진휴게소,0007,1_한식/양식,1100000239,돼지듬뿍 김치찌개
2025-11,3,S000621,장흥정남진휴게소,0007,1_한식/양식,1100001531,등심돈가스
2025-11,4,S000621,장흥정남진휴게소,0003,030_드롭탑,1100045276,(드롭탑)ICE아메리카노(L)
2025-11,5,S000621,장흥정남진휴게소,0039,클라이머,1300008707,클라이머홀릭(99000)
2025-11,1,S000622,동명(부산)휴게소,0001,100_한식전문점,1100044217,(명품)아바이순대국밥
2025-11,2,S000622,동명(부산)휴게소,0031,탐앤탐스,1100045803,탐탐_카페아메리카노
2025-11,3,S000622,동명(부산)휴게소,0001,100_한식전문점,1100038238,해물순두부찌개
2025-11,4,S000622,동명(부산)휴게소,0001,100_한식전문점,1100024884,홍천제육화로구이
2025-11,5,S000622,동명(부산)휴게소,0001,100_한식전문점,1100036172,대구소고기국밥(따로)
2025-11,1,S000623,동명(춘천)휴게소,0024,500_의류매장장,1300000105,포엠마1000(1)
2025-11,2,S000623,동명(춘천)휴게소,0001,300_한 식 당,1100033151,돌솥비빔밥 된장찌개
2025-11,3,S000623,동명(춘천)휴게소,0035,탐앤탐스,1100045803,탐탐_카페아메리카노
2025-11,4,S000623,동명(춘천)휴게소,0001,300_한 식 당,1100030885,해물순두부찌개
2025-11,5,S000623,동명(춘천)휴게소,0024,500_의류매장장,1300000501,JDX29000(신)
2025-11,1,S000624,울주(함양)휴게소,0106,제순식당,1100044612,매콤제육덮밥[제순]
2025-11,2,S000624,울주(함양)휴게소,0099,엔젤,1100036980,(AI)(I)아메리카노R
2025-11,3,S000624,울주(함양)휴게소,0009,양식전문점,1100031960,왕돈가스
2025-11,4,S000624,울주(함양)휴게소,0010,한식전문점,1100030710,고등어구이정식
2025-11,5,S000624,울주(함양)휴게소,0010,한식전문점,1100037279,돼지김치찌개
2025-11,1,S000625,울주(울산)휴게소,0110,제순식당,1100044612,매콤제육덮밥[제순]
2025-11,2,S000625,울주(울산)휴게소,0010,한식전문점,1100030710,고등어구이정식
2025-11,3,S000625,울주(울산)휴게소,0009,양식전문점,1100031960,왕돈가스
2025-11,4,S000625,울주(울산)휴게소,0101,아띠몽,1100044085,할인)아띠몽호두과자10
2025-11,5,S000625,울주(울산)휴게소,0010,한식전문점,1100037279,돼지김치찌개
2025-11,1,S000626,용인(인천)휴게소,0038,우리밀호두과자,1100035951,우리밀호두과자6000
2025-11,2,S000626,용인(인천)휴게소,0029,돈까스잔치,1100040400,(돈까스잔치)옛날돈가스
2025-11,3,S000626,용인(인천)휴게소,0038,우리밀호두과자,1100035950,우리밀호두과자12000
2025-11,4,S000626,용인(인천)휴게소,0003,한식당,1100022135,소고기등심국밥
2025-11,5,S000626,용인(인천)휴게소,0003,한식당,1100035424,미나리제육두루치기
2025-11,1,S000627,용인(강릉)휴게소,0038,돈까스잔치,1100040400,★(돈까스잔치)옛날돈가스
2025-11,2,S000627,용인(강릉)휴게소,0003,한식당,1100043604,돌솥비빔밥
2025-11,3,S000627,용인(강릉)휴게소,0003,한식당,1100033537,순두부찌개
2025-11,4,S000627,용인(강릉)휴게소,0003,한식당,1100018530,(실속상품)소고기국밥
2025-11,5,S000627,용인(강릉)휴게소,0028,한촌설렁탕,1100033524,설렁탕
2025-11,1,S000628,청송(청주)휴게소,0022,통감자/오징어,1200050367,과일(50000)
2025-11,2,S000628,청송(청주)휴게소,0022,통감자/오징어,1200006780,청송사과(10000)
2025-11,3,S000628,청송(청주)휴게소,0037,드롭탑,1100045278,(드롭탑)H아메리카노(R)
2025-11,4,S000628,청송(청주)휴게소,0037,드롭탑,1100045277,(드롭탑)아이스아메리카노(R)
2025-11,5,S000628,청송(청주)휴게소,0002,한식,1100044036,놀부부대찌개
2025-11,1,S000629,청송(영덕)휴게소,0035,드롭탑,1100045278,(드롭탑)H아메리카노(R)
2025-11,2,S000629,청송(영덕)휴게소,0035,드롭탑,1100045277,(드롭탑)I아메리카노(R)
2025-11,3,S000629,청송(영덕)휴게소,0010,핫바,1100028544,(알뜰간식)옛날핫도그
2025-11,4,S000629,청송(영덕)휴게소,0010,핫바,1100036073,순한오징어바
2025-11,5,S000629,청송(영덕)휴게소,0010,핫바,1100036119,불갈비맛소세지
2025-11,1,S000630,오창(하남)휴게소,0112,(특별관)금강설렁탕,1100047115,(명품)금강설렁탕
2025-11,2,S000630,오창(하남)휴게소,0109,별관(중식),1100040380,고기왕짬뽕
2025-11,3,S000630,오창(하남)휴게소,0108,별관(한식),1100040718,(실속상품) 홍합미역국
2025-11,4,S000630,오창(하남)휴게소,0114,청년창업(돈가스),1100020802,(청년)등심돈가스.
2025-11,5,S000630,오창(하남)휴게소,0101,놀부부대,1100044036,놀부부대찌개(11000)
2025-11,1,S000631,경주(부산)휴게소,0012,205_경주빵(외주),1100037534,원영)경주빵
2025-11,2,S000631,경주(부산)휴게소,0009,201_한식당(직영),1100044023,경주천년한우국밥
2025-11,3,S000631,경주(부산)휴게소,0012,205_경주빵(외주),1100037535,원영)혼합용
2025-11,4,S000631,경주(부산)휴게소,0012,205_경주빵(외주),1100037536,원영)찰보리빵
2025-11,5,S000631,경주(부산)휴게소,0009,201_한식당(직영),1100040169,한)김치찌개
2025-11,1,S000632,진영(부산)휴게소,0096,705_(행사)폴햄,1300002128,(행사)폴햄 50000
2025-11,2,S000632,진영(부산)휴게소,0112,308_남산돈까스,1100000051,(남산)남산왕돈까스
2025-11,3,S000632,진영(부산)휴게소,0096,705_(행사)폴햄,1300002164,(행사)폴햄 10000
2025-11,4,S000632,진영(부산)휴게소,0096,705_(행사)폴햄,1300002129,(행사)폴햄 100000
2025-11,5,S000632,진영(부산)휴게소,0025,호두과자,1100006292,(백년나무)호두과자(16개입)
2025-11,1,S000633,안성맞춤(평택)휴게소,0036,02_(신)한식당,1100029136,안성맞춤국밥
2025-11,2,S000633,안성맞춤(평택)휴게소,0036,02_(신)한식당,1100028577,해물순두부찌개
2025-11,3,S000633,안성맞춤(평택)휴게소,0037,02_(신)양식,1100044376,왕등심돈가스
2025-11,4,S000633,안성맞춤(평택)휴게소,0036,02_(신)한식당,1100037754,약돌돼지김치찌개
2025-11,5,S000633,안성맞춤(평택)휴게소,0036,02_(신)한식당,1100035424,약돌돼지제육뚝배기
2025-11,1,S000634,함평나비(광주)휴게소,0017,(드롭탑)커피매장,1100045278,(드롭탑)H아메리카노(R)
2025-11,2,S000634,함평나비(광주)휴게소,0005,01-식당,1100039433,버섯한그릇국밥
2025-11,3,S000634,함평나비(광주)휴게소,0013,07- 로띠번빵매장,1100041179,로띠번/바닐라번
2025-11,4,S000634,함평나비(광주)휴게소,0017,(드롭탑)커피매장,1100045277,(드롭탑)I아메리카노(R)
2025-11,5,S000634,함평나비(광주)휴게소,0005,01-식당,1100036003,등심돈가스
2025-11,1,S000635,함평나비(무안)휴게소,0005,한식/양식당,1100044289,(기사식당)돼지김치찌개
2025-11,2,S000635,함평나비(무안)휴게소,0025,드롭탑,1100045278,(드롭탑)H아메리카노(R)
2025-11,3,S000635,함평나비(무안)휴게소,0014,로띠번,1100041179,로띠번
2025-11,4,S000635,함평나비(무안)휴게소,0005,한식/양식당,1100036003,등심돈가스
2025-11,5,S000635,함평나비(무안)휴게소,0006,라면코너,1100000525,계란떡라면
2025-11,1,S000636,안성맞춤(제천)휴게소,0004,03.한식당,1100030701,안성맞춤한우국밥
2025-11,2,S000636,안성맞춤(제천)휴게소,0004,03.한식당,1100033151,한우불고기비빔밥
2025-11,3,S000636,안성맞춤(제천)휴게소,0010,07.우리밀호두과자,1100044085,아띠몽호두과자6
2025-11,4,S000636,안성맞춤(제천)휴게소,0003,03.(동원)한식당,1100025327,통등심돈가스
2025-11,5,S000636,안성맞춤(제천)휴게소,0024,11.드롭탑 커피,1100045278,(드롭탑)H아메리카노(R)
2025-11,1,S000637,문의청남대(청주)휴게소,0003,한식,1100027343,버섯불고기정식
2025-11,2,S000637,문의청남대(청주)휴게소,0008,고운동커피,1100029820,(고운동)ICE아메리카노(R)
2025-11,3,S000637,문의청남대(청주)휴게소,0008,고운동커피,1100025692,(고운동)HOT아메리카노(R)
2025-11,4,S000637,문의청남대(청주)휴게소,0003,한식,1100000332,돈육김치찌개
2025-11,5,S000637,문의청남대(청주)휴게소,0005,우동/라면,1100034587,(실속상품)ex-라면
2025-11,1,S000638,문의청남대(영덕)휴게소,0008,고운동커피,1100025692,(고운동)HOT아메리카노(R)
2025-11,2,S000638,문의청남대(영덕)휴게소,0008,고운동커피,1100029820,(고운동)ICE아메리카노(R)
2025-11,3,S000638,문의청남대(영덕)휴게소,0003,한식/양식,1100032032,육개장
2025-11,4,S000638,문의청남대(영덕)휴게소,0003,한식/양식,1100038238,애호박 순두부찌개(9000)
2025-11,5,S000638,문의청남대(영덕)휴게소,0003,한식/양식,1100027797,파채제육덮밥
2025-11,1,S000639,문경(양평)휴-케이알산업,0004,탐앤탐스,1100045803,(탐앤탐스)HOT아메리카노(T)
2025-11,2,S000639,문경(양평)휴-케이알산업,0004,탐앤탐스,1100045794,(탐앤탐스)ICE아메리카노(T)
2025-11,3,S000639,문경(양평)휴-케이알산업,0004,탐앤탐스,1100045778,(탐앤탐스)ICE아메리카노(V)
2025-11,4,S000639,문경(양평)휴-케이알산업,0004,탐앤탐스,1100045802,(탐앤탐스)HOT카페라떼
2025-11,5,S000639,문경(양평)휴-케이알산업,0006,의류매장,1300000815,의류(100000)
2025-11,1,S000640,문경(양평)휴-건영식품,0002,한식,1100033144,문경오미자약돌돼지제육볶음
2025-11,2,S000640,문경(양평)휴-건영식품,0002,한식,1100028577,짬뽕순두부
2025-11,3,S000640,문경(양평)휴-건영식품,0001,양식,1100033314,흑돼지돈가스
2025-11,4,S000640,문경(양평)휴-건영식품,0002,한식,1100030661,소고기국밥
2025-11,5,S000640,문경(양평)휴-건영식품,0003,라면,1100030930,떡라면
2025-11,1,S000641,청양(공주)휴게소,0001,편의점(세븐),1200021124,4500담배
2025-11,2,S000641,청양(공주)휴게소,0001,편의점(세븐),1200060686,칸타타)라떼캔275ml
2025-11,3,S000641,청양(공주)휴게소,0001,편의점(세븐),1200074446,PB)얼음컵(라지)
2025-11,4,S000641,청양(공주)휴게소,0001,편의점(세븐),1200077983,신동_명가꽈배기
2025-11,5,S000641,청양(공주)휴게소,0001,편의점(세븐),1200084966,티오피)마스터라떼캔275ml
2025-11,1,S000642,청양(서천)휴게소,0001,편의점(세븐),1200021116,4500담배
2025-11,2,S000642,청양(서천)휴게소,0001,편의점(세븐),1200021124,4500담배
2025-11,3,S000642,청양(서천)휴게소,0001,편의점(세븐),1200060686,칸타타)라떼캔275ml
2025-11,4,S000642,청양(서천)휴게소,0001,편의점(세븐),1200060685,칸타타)아메캔275ml
2025-11,5,S000642,청양(서천)휴게소,0001,편의점(세븐),1200078625,스벅)카페라떼컵320ml
2025-11,1,S000643,부안고려청자(서울)휴게소,0013,할리스,1100044578,(할리스)HOT아메리카노(R)
2025-11,2,S000643,부안고려청자(서울)휴게소,0002,식당(일반),1100047140,뚝배기불고기
2025-11,3,S000643,부안고려청자(서울)휴게소,0008,외부매장(호두),1100006283,호두과자(20개입)
2025-11,4,S000643,부안고려청자(서울)휴게소,0002,식당(일반),1100014794,돼갈비비지찌개
2025-11,5,S000643,부안고려청자(서울)휴게소,0024,식당(양식),1100021045,부안오디(뽕)돈가스
2025-11,1,S000644,부안고려청자(목포)휴게소,0002,식당(일반),1100047140,뚝배기불고기
2025-11,2,S000644,부안고려청자(목포)휴게소,0002,식당(일반),1100014794,돼지고기김치찌개
2025-11,3,S000644,부안고려청자(목포)휴게소,0014,할리스,1100044578,(할리스)HOT아메리카노(R)
2025-11,4,S000644,부안고려청자(목포)휴게소,0008,외부매장(호두),1100006283,호두과자(20개입)
2025-11,5,S000644,부안고려청자(목포)휴게소,0004,스낵(라면),1100037808,라면정식(5500)
2025-11,1,S000645,문경(양평)휴-도로공사,0001,cafe휴봇,1100028607,(휴봇)ICE 아메리카노(그란데)
2025-11,2,S000645,문경(양평)휴-도로공사,0001,cafe휴봇,1100027640,(휴봇)HOT 아메리카노(그란데)
2025-11,1,S000647,문막(인천)휴-참바다,0046,로봇한식,1100035377,(로봇한식)갈비탕
2025-11,2,S000647,문막(인천)휴-참바다,0007,엔제리너스,1100029784,(엔젤)ICE아메리카노(R)
2025-11,3,S000647,문막(인천)휴-참바다,0046,로봇한식,1100027620,(로봇한식)뚝배기불고기
2025-11,4,S000647,문막(인천)휴-참바다,0057,즉석꼬마김밥,1100001375,꼬마김밥 5줄
2025-11,5,S000647,문막(인천)휴-참바다,0047,로봇우동,1100037133,(로봇우동)꼬치어묵우동
2025-11,1,S000648,안산휴게소,0156,인(푸)_천서리막국수,1100001389,천)라면&정통충무김밥Set
2025-11,2,S000648,안산휴게소,0003,인_혜화동,1100044776,혜화)옛날돈까스정식
2025-11,3,S000648,안산휴게소,0136,인_북창동순두부,1100033958,북)해물순두부
2025-11,4,S000648,안산휴게소,0001,인_풍경/유천/연안,1100023426,풍)강릉식몽글순두부찌개9900
2025-11,5,S000648,안산휴게소,0003,인_혜화동,1100007476,혜화)옛날돈까스
2025-11,1,S000654,서부산(순천)휴게소,0003,한식/양식,1100042377,돈가스&우동세트
2025-11,2,S000654,서부산(순천)휴게소,0003,한식/양식,1100045818,남산왕돈까스
2025-11,3,S000654,서부산(순천)휴게소,0003,한식/양식,1100019056,김치찌개
2025-11,4,S000654,서부산(순천)휴게소,0003,한식/양식,1100045816,남산치즈돈까스
2025-11,5,S000654,서부산(순천)휴게소,0004,우동/라면,1100026766,떡라면
2025-11,1,S000655,내린천휴게소,0017,레스또란떼[22.09.30],1100033419,내린천왕돈까스
2025-11,2,S000655,내린천휴게소,0041,산골황태3대식당,1100017858,산골황태국밥
2025-11,3,S000655,내린천휴게소,0007,내린천한식,1100037137,제육뚝배기[10000]
2025-11,4,S000655,내린천휴게소,0019,다리야우동[22.09.30],1100030881,꼬치어묵우동
2025-11,5,S000655,내린천휴게소,0040,4층즉석매장-미화네,1100037524,호두과자(20개입)
2025-11,1,S000656,춘향(순천)휴게소,0011,드롭탑,1100045278,(드롭탑)H아메리카노(R)
2025-11,2,S000656,춘향(순천)휴게소,0003,한식,1100030569,춘향이순두부찌개
2025-11,3,S000656,춘향(순천)휴게소,0029,새집추어탕,1100016638,새집추어탕
2025-11,4,S000656,춘향(순천)휴게소,0003,한식,1100025864,참치김치찌개
2025-11,5,S000656,춘향(순천)휴게소,0049,소미미단팥빵,1100038582,2.단팥빵(소미미)
2025-11,1,S000657,춘향(완주)휴게소,0048,소미미단팥빵,1100032073,(소미미)단팥빵
2025-11,2,S000657,춘향(완주)휴게소,0048,소미미단팥빵,1100032074,(소미미)앙금빵
2025-11,3,S000657,춘향(완주)휴게소,0011,드롭탑,1100045278,드)아메리카노(R)_휴
2025-11,4,S000657,춘향(완주)휴게소,0003,한식,1100025864,참치김치찌개
2025-11,5,S000657,춘향(완주)휴게소,0003,한식,1100030569,춘향이순두부찌개
2025-11,1,S000658,신풍(대전)휴게소,0011,탐앤탐스,1100045794,탐탐_아이스 카페아메리카노
2025-11,2,S000658,신풍(대전)휴게소,0011,탐앤탐스,1100045803,탐탐_카페아메리카노
2025-11,3,S000658,신풍(대전)휴게소,0012,탐탐간식,1100036082,옛날핫도그
2025-11,4,S000658,신풍(대전)휴게소,0004,식당가,1100023741,떡라면
2025-11,5,S000658,신풍(대전)휴게소,0011,탐앤탐스,1100045785,탐탐_아이스 아메리카노(G)
2025-11,1,S000659,신풍(당진)휴게소,0005,달콤커피,1100040551,옛날핫도그
2025-11,2,S000659,신풍(당진)휴게소,0005,달콤커피,1100040143,(H)다크퍼플R_달콤커피
2025-11,3,S000659,신풍(당진)휴게소,0005,달콤커피,1100040128,(I)다크퍼플R_달콤커피
2025-11,4,S000659,신풍(당진)휴게소,0004,식당가,1100037133,꼬치어묵우동
2025-11,5,S000659,신풍(당진)휴게소,0005,달콤커피,1100037661,사조)케이크소시지
2025-11,1,S000660,공주(당진)휴게소,0003,한식,1100040880,공주알밤먹은 한우국밥
2025-11,2,S000660,공주(당진)휴게소,0034,임시매장,1300013724,농축수산물(의류잡화요율)_스테비아토마토
2025-11,3,S000660,공주(당진)휴게소,0008,스낵_공주밤빵,1100037535,알밤빵(대)
2025-11,4,S000660,공주(당진)휴게소,0008,스낵_공주밤빵,1100037536,알밤빵(중)
2025-11,5,S000660,공주(당진)휴게소,0045,101번지남산돈가스,1100045818,남산왕돈까스
2025-11,1,S000661,공주(대전)휴게소,0003,한식,1100040880,공주 알밤 한우 국밥
2025-11,2,S000661,공주(대전)휴게소,0007,스낵_공주밤빵,1100037535,알밤빵(대)
2025-11,3,S000661,공주(대전)휴게소,0007,스낵_공주밤빵,1100037536,알밤빵(중)
2025-11,4,S000661,공주(대전)휴게소,0010,공차,1100037375,(공차)HOT/ICE아메리카노
2025-11,5,S000661,공주(대전)휴게소,0012,우동/라면,1100037455,(실속상품)ex-라면
2025-11,1,S000662,진안마이산(장수)휴게소,0027,한식당(직),1100035426,진안콩순두부짬뽕
2025-11,2,S000662,진안마이산(장수)휴게소,0012,드롭탑,1100045278,(드롭탑)H아메리카노(R)
2025-11,3,S000662,진안마이산(장수)휴게소,0027,한식당(직),1100037588,흑돼지김치찌개
2025-11,4,S000662,진안마이산(장수)휴게소,0027,한식당(직),1100044793,돌솥비빔밥
2025-11,5,S000662,진안마이산(장수)휴게소,0006,한식당,1100027813,흑돼지순살돈가스
2025-11,1,S000663,부여백제(공주)휴게소,0014,우보설렁탕,1100042950,우보설렁탕
2025-11,2,S000663,부여백제(공주)휴게소,0015,호두과자&오징어,1100027398,호두과자(20개입)
2025-11,3,S000663,부여백제(공주)휴게소,0015,호두과자&오징어,1100006220,(알뜰간식)호두과자(10개입)
2025-11,4,S000663,부여백제(공주)휴게소,0012,드롭탑,1100036296,(드롭탑)ICE아메리카노(R)
2025-11,5,S000663,부여백제(공주)휴게소,0008,용우동,1100037455,(실속상품)ex-라면
2025-11,1,S000664,부여백제(서천)휴게소,0014,우보설렁탕,1100042950,우보설렁탕
2025-11,2,S000664,부여백제(서천)휴게소,0016,의류매장,1300000671,의류(전문매장)
2025-11,3,S000664,부여백제(서천)휴게소,0011,드롭탑,1100045278,(드롭탑)H아메리카노(R)
2025-11,4,S000664,부여백제(서천)휴게소,0019,호두과자&오징어,1100006281,호두과자(20개입)
2025-11,5,S000664,부여백제(서천)휴게소,0015,라면,1100037455,(실속상품)ex-라면
2025-11,1,S000669,홍성(서울)휴게소,0014,의류매장(실외),1300000304,C 의류매장 (10000)
2025-11,2,S000669,홍성(서울)휴게소,0007,식당(한식),1100045369,(한우)소고기국밥
2025-11,3,S000669,홍성(서울)휴게소,0015,하이샵,1300001713,하이숍(만물10000) 
2025-11,4,S000669,홍성(서울)휴게소,0014,의류매장(실외),1300000600,C 의류 50000
2025-11,5,S000669,홍성(서울)휴게소,0012,외부매장(호두),1100006220,(알뜰간식)호두과자(10개입)
2025-11,1,S000670,홍성(목포)휴게소,0019,(할리스)할리스,1100044578,(할리스)HOT카페아메리카노_R
2025-11,2,S000670,홍성(목포)휴게소,0010,외부매장(어묵핫바),1100031842,수제어묵4000
2025-11,3,S000670,홍성(목포)휴게소,0007,식당(한식),1100045369,(한우)소고기국밥
2025-11,4,S000670,홍성(목포)휴게소,0011,외부매장(호두),1100006283,호두과자(20개입)
2025-11,5,S000670,홍성(목포)휴게소,0013,의류매장(실외),1300000304,C 의류매장 (10000)
2025-11,1,S000673,이천쌀(하남)휴게소,0023,호두과자,1100021354,(100년나무)호두과자(20개입)
2025-11,2,S000673,이천쌀(하남)휴게소,0023,호두과자,1100017781,(알뜰간식)100년나무 호두과자(10개입)
2025-11,3,S000673,이천쌀(하남)휴게소,0032,남산돈가스,1100026842,남산왕돈까스
2025-11,4,S000673,이천쌀(하남)휴게소,0023,호두과자,1100021355,(100년나무)호두과자 선물용(40개입)
2025-11,5,S000673,이천쌀(하남)휴게소,0055,교동짬뽕,1100040073,교동짬뽕
2025-11,1,S000674,논공(대구)휴게소,0004,040_양식,1100033474,추억의돈까스
2025-11,2,S000674,논공(대구)휴게소,0003,030_한식,1100031699,대구육개장
2025-11,3,S000674,논공(대구)휴게소,0031,(파스쿠찌)논공대구휴게소,1100044473,(파스쿠찌)HOT아메리카노(R)
2025-11,4,S000674,논공(대구)휴게소,0003,030_한식,1100043608,해물순두부찌개
2025-11,5,S000674,논공(대구)휴게소,0005,050_면류,1100039843,(실속상품)ex-라면
2025-11,1,S000675,논공(광주)휴게소,0033,(파스쿠찌)논공광주휴게소,1100044473,(파스쿠찌)HOT아메리카노(R)
2025-11,2,S000675,논공(광주)휴게소,0003,030_한식,1100022081,육개장
2025-11,3,S000675,논공(광주)휴게소,0039,라면코너,1100043100,쉐프로봇_떡라면
2025-11,4,S000675,논공(광주)휴게소,0004,040_양식,1100025864,추억의돈가스
2025-11,5,S000675,논공(광주)휴게소,0003,030_한식,1100023738,해물순두부
2025-11,1,S000677,선산(창원)휴게소,0042,엔제리너스,1100036983,(엔젤)HOT아메리카노(S)
2025-11,2,S000677,선산(창원)휴게소,0042,엔제리너스,1100036981,(엔젤)ICE아메리카노(S)
2025-11,3,S000677,선산(창원)휴게소,0042,엔제리너스,1100036949,(엔젤)ICE초코라떼(R)
2025-11,4,S000677,선산(창원)휴게소,0042,엔제리너스,1100043770,(엔젤)ICE제주말차라떼(R)
2025-11,5,S000677,선산(창원)휴게소,0042,엔제리너스,1100036979,(엔젤)ICE아메리카노(L)
2025-11,1,S000686,남한강휴게소,0005,북창동순두부 ,1100038238,(북창동순두부)북창동순두부
2025-11,2,S000686,남한강휴게소,0006,양평해장국 ,1100036694,양평서울해장국
2025-11,3,S000686,남한강휴게소,0007,유미카츠,1100043232,(유미카츠)왕돈까스
2025-11,4,S000686,남한강휴게소,0012,던킨,1200043931,(던킨)도너츠2000
2025-11,5,S000686,남한강휴게소,0013,파스쿠찌,1100044473,(파스쿠찌)H아메리카노R
2025-11,1,S000689,화서(영덕)휴게소,0006,한식당,1100033490,경양식돈가스
2025-11,2,S000689,화서(영덕)휴게소,0008,라면,1100039655,(실속상품)그냥라면
2025-11,3,S000689,화서(영덕)휴게소,0006,한식당,1100036305,육개장
2025-11,4,S000689,화서(영덕)휴게소,0007,우동,1100021036,(실속상품)유부우동
2025-11,5,S000689,화서(영덕)휴게소,0024,화서다방,1100009980,(화서다방)HOT아메리카노(S)
2025-11,1,S000690,의성(청주)휴게소,0007,식당(밥이당),1100037243,경양식 돈가스
2025-11,2,S000690,의성(청주)휴게소,0014,커피(엔젤),1100010844,(의성다방)ICE아메리카노(S)
2025-11,3,S000690,의성(청주)휴게소,0014,커피(엔젤),1100009980,(의성다방)HOT아메리카노(S)
2025-11,4,S000690,의성(청주)휴게소,0008,스낵(우동),1100002686,유부우동
2025-11,5,S000690,의성(청주)휴게소,0009,스낵(라면),1100042970,(실속상품)그냥라면
2025-11,1,S000691,의성(영덕)휴게소,0007,식당(밥이당),1100037243,경양식 돈가스
2025-11,2,S000691,의성(영덕)휴게소,0014,커피(엔젤),1100009980,(의성다방)HOT아메리카노(S)
2025-11,3,S000691,의성(영덕)휴게소,0008,스낵(우동),1100030880,(실속상품)유부우동
2025-11,4,S000691,의성(영덕)휴게소,0009,스낵(라면),1100042970,(실속상품)그냥라면
2025-11,5,S000691,의성(영덕)휴게소,0007,식당(밥이당),1100004200,해물순두부찌개
2025-11,1,S000692,점곡(상주)휴게소,0001,편의점,1200062772,떡붕어싸만코
2025-11,2,S000692,점곡(상주)휴게소,0001,편의점,1200044424,e)이프레소빅아이스컵230g
2025-11,3,S000692,점곡(상주)휴게소,0001,편의점,1200002520,오징어땅콩
2025-11,4,S000692,점곡(상주)휴게소,0001,편의점,1200065073,맥심티오피 마스터라떼
2025-11,5,S000692,점곡(상주)휴게소,0001,편의점,1200067623,sw칸타타프리미엄라떼275
2025-11,1,S000693,점곡(영덕)휴게소,0001,편의점,1200055512,맥심 티.오.피 더블랙 
2025-11,2,S000693,점곡(영덕)휴게소,0001,편의점,1200055506,맥심T.O.P. 마스터블랜드
2025-11,3,S000693,점곡(영덕)휴게소,0001,편의점,1200021124,39담배)에쎄체인지1
2025-11,4,S000693,점곡(영덕)휴게소,0001,편의점,1200066702,아임이)하루이리터생수
2025-11,5,S000693,점곡(영덕)휴게소,0001,편의점,1200063838,광동)대추쌍화병150ml
2025-11,1,S000694,밀양영남루(함양)휴게소,0010,로띠번,1100018606,(로띠번)HOT아메리카노(R)
2025-11,2,S000694,밀양영남루(함양)휴게소,0003,밀양소반,1100036743,갈비탕
2025-11,3,S000694,밀양영남루(함양)휴게소,0003,밀양소반,1100019460,고추장불고기정식
2025-11,4,S000694,밀양영남루(함양)휴게소,0004,돈까스나라,1100030942,왕돈까스
2025-11,5,S000694,밀양영남루(함양)휴게소,0003,밀양소반,1100035734,김치찌개
2025-11,1,S000695,밀양영남루(울산)휴게소,0003,밀양소반,1100036743,갈비탕
2025-11,2,S000695,밀양영남루(울산)휴게소,0003,밀양소반,1100040409,대파육개장
2025-11,3,S000695,밀양영남루(울산)휴게소,0003,밀양소반,1100019460,고추장불고기정식
2025-11,4,S000695,밀양영남루(울산)휴게소,0004,돈까스나라,1100030927,등심돈까스
2025-11,5,S000695,밀양영남루(울산)휴게소,0004,돈까스나라,1100030942,왕돈까스
2025-11,1,S000696,처인휴게소,0023,스타벅스,1100036296,스벅]아메리카노
2025-11,2,S000696,처인휴게소,0004,우동규동&야미레스토,1100040003,등심돈가스
2025-11,3,S000696,처인휴게소,0003,용인반상,1100033936,옛날육개장+공기밥
2025-11,4,S000696,처인휴게소,0043,의류팝업매장,1300000105,의류잡화(50000)
2025-11,5,S000696,처인휴게소,0005,면날며칠,1100030119,신계떡라면
2025-11,1,S000697,고삼호수휴게소,0006,자판기(포천방향),1200019096,아이시스
2025-11,2,S000697,고삼호수휴게소,0006,자판기(포천방향),1200070946,코카콜라(자판기)
2025-11,3,S000697,고삼호수휴게소,0006,자판기(포천방향),1200002878,조지아맥스커피
2025-11,4,S000697,고삼호수휴게소,0006,자판기(포천방향),1200035479,포카리스웨트
2025-11,5,S000697,고삼호수휴게소,0006,자판기(포천방향),1200061304,레쓰비)카페타임240ml
2025-11,1,S000698,서여주(양평)휴게소,0020,CU편의점,1200067623,칸타타
2025-11,2,S000698,서여주(양평)휴게소,0020,CU편의점,1200061423,칸타타)아메캔275ml
2025-11,3,S000698,서여주(양평)휴게소,0020,CU편의점,1200078023,동서-TOP마스터라떼380
2025-11,4,S000698,서여주(양평)휴게소,0020,CU편의점,1200085349,티오피)더블랙캔380ml
2025-11,5,S000698,서여주(양평)휴게소,0020,CU편의점,1200021124,에쎄체인지1mg
2025-11,1,S000699,서여주(창원)휴게소,0017,CU편의점,1200085349,티오피)더블랙캔380ml
2025-11,2,S000699,서여주(창원)휴게소,0017,CU편의점,1200067623,칸타타)라떼캔275ml
2025-11,3,S000699,서여주(창원)휴게소,0017,CU편의점,1200078023,동서-TOP마스터라떼380
2025-11,4,S000699,서여주(창원)휴게소,0017,CU편의점,1200061423,칸타타)아메캔275ml
2025-11,5,S000699,서여주(창원)휴게소,0017,CU편의점,1200021124,에쎄체인지1mg
2025-11,1,S000700,덕유산(대전)휴게소,0023,팬텀,1300000815,팬텀의류(100000)
2025-11,2,S000700,덕유산(대전)휴게소,0034,탐앤탐스,1100023881,(탐앤탐스)HOT아메리카노(R)
2025-11,3,S000700,덕유산(대전)휴게소,0024,링스,1300000027,링스의류(100000)
2025-11,4,S000700,덕유산(대전)휴게소,0027,곶감군밤(우리옷),1100006263,[신라]군밤
2025-11,5,S000700,덕유산(대전)휴게소,0038,카츠랑,1100040307,옛날돈까스
2025-11,1,S000701,덕유산(통영)휴게소,0030,팬텀,1300000806,팬텀(100000)
2025-11,2,S000701,덕유산(통영)휴게소,0024,공주알밤빵,1100020867,공주)군밤10.0
2025-11,3,S000701,덕유산(통영)휴게소,0032,(탐앤탐스)탐탐,1100023881,(탐앤탐스)HOT아메리카노(R)
2025-11,4,S000701,덕유산(통영)휴게소,0030,팬텀,1300000805,팬텀(10000)
2025-11,5,S000701,덕유산(통영)휴게소,0029,링스,1300000816,링스(100000)
2025-11,1,S000702,고창고인돌(목포)휴게소,0021,소담뚝배기,1100028998,소고기우거지해장국
2025-11,2,S000702,고창고인돌(목포)휴게소,0021,소담뚝배기,1100040837,돼지고기_김치찌개
2025-11,3,S000702,고창고인돌(목포)휴게소,0021,소담뚝배기,1100000850,산채비빔밥
2025-11,4,S000702,고창고인돌(목포)휴게소,0021,소담뚝배기,1100000408,뚝배기불고기
2025-11,5,S000702,고창고인돌(목포)휴게소,0015,핫바_만쥬리매장,1100027138,델리만쥬5000
2025-11,1,S000703,고창고인돌(서울)휴게소,0024,소담뚝배기,1100028998,소고기우거지해장국
2025-11,2,S000703,고창고인돌(서울)휴게소,0015,드롭탑,1100045278,(드롭탑)HOT/ICE아메리카노(R)
2025-11,3,S000703,고창고인돌(서울)휴게소,0024,소담뚝배기,1100040837,돼지고기김치찌개
2025-11,4,S000703,고창고인돌(서울)휴게소,0027,카츠랑,1100040307,옛날돈까스
2025-11,5,S000703,고창고인돌(서울)휴게소,0024,소담뚝배기,1100000408,뚝배기불고기
2025-11,1,S000704,서산(서울)휴게소,0014,의류매장,1300000306,의류(전문매장)
2025-11,2,S000704,서산(서울)휴게소,0011,동빵,1100017004,동빵(15개입)
2025-11,3,S000704,서산(서울)휴게소,0007,호두과자/통감자,1100006283,호두과자(18개입)
2025-11,4,S000704,서산(서울)휴게소,0003,한식,1100032959,남도식불고기백반
2025-11,5,S000704,서산(서울)휴게소,0036,파스쿠찌,1100044471,(파스쿠찌)ICE아메리카노(R)
2025-11,1,S000705,치악(부산)휴게소,0004,011_양식,1100042377,등심돈가스&치악배소스
2025-11,2,S000705,치악(부산)휴게소,0003,010_놀부부대찌개,1100027070,우거지해장국12000
2025-11,3,S000705,치악(부산)휴게소,0005,012_용우동,1100026758,꼬치어묵우동
2025-11,4,S000705,치악(부산)휴게소,0036,파스쿠찌,1100044473,(PC)HOT아메리카노(R)
2025-11,5,S000705,치악(부산)휴게소,0003,010_놀부부대찌개,1100041136,봉화산설렁탕
2025-11,1,S000706,제천(춘천)휴게소,0001,CU편의점,1100045224,25뉴핫아메리카노L
2025-11,2,S000706,제천(춘천)휴게소,0001,CU편의점,1200021270,에쎄체인지1mg
2025-11,3,S000706,제천(춘천)휴게소,0001,CU편의점,1200003174,칸타타)라떼캔275ml
2025-11,4,S000706,제천(춘천)휴게소,0001,CU편의점,1200002361,에쎄프라임4mg
2025-11,5,S000706,제천(춘천)휴게소,0001,CU편의점,1200061423,칸타타)아메캔275ml
2025-11,1,S000709,칠서(양평)휴게소,0006,13. 남산돈까스,1100043232,남산왕돈까스
2025-11,2,S000709,칠서(양평)휴게소,0002,10. 한식당,1100028987,9)흑돼지김치찌개
2025-11,3,S000709,칠서(양평)휴게소,0002,10. 한식당,1100023738,10)해물순두부찌개
2025-11,4,S000709,칠서(양평)휴게소,0020,26. 파스쿠찌,1100044473,(파스쿠찌)H아메리카노R
2025-11,5,S000709,칠서(양평)휴게소,0020,26. 파스쿠찌,1100044471,(파스쿠찌)I아메리카노R
2025-11,1,S000710,고성공룡나라(통영)휴게소,0008,13.돈가스,1100045818,남산왕돈까스
2025-11,2,S000710,고성공룡나라(통영)휴게소,0006,10.한식당,1100018409,(5)흑돼지김치찌개NEW
2025-11,3,S000710,고성공룡나라(통영)휴게소,0013,41.브랜드(의류매장),1300000457,의류19000
2025-11,4,S000710,고성공룡나라(통영)휴게소,0016,30.파스쿠찌,1100044473,(파스쿠찌)HOT아메리카노(R)
2025-11,5,S000710,고성공룡나라(통영)휴게소,0006,10.한식당,1100040368,흑돼지소라찜(순두부)
2025-11,1,S000711,고성공룡나라(대전)휴게소,0015,30.파스쿠찌,1100044471,(파스쿠찌)ICE아메리카노(R)
2025-11,2,S000711,고성공룡나라(대전)휴게소,0015,30.파스쿠찌,1100044473,(파스쿠찌)HOT아메리카노(R)
2025-11,3,S000711,고성공룡나라(대전)휴게소,0006,13.돈가스,1100045818,남산왕돈까스
2025-11,4,S000711,고성공룡나라(대전)휴게소,0005,10.한식,1100037588,미)흑돼지김치찌개
2025-11,5,S000711,고성공룡나라(대전)휴게소,0005,10.한식,1100043608,미)해물순두부찌개
2025-11,1,S000712,상주(영덕)휴게소,0001,010_편의점,1200029728,즉석라면(3000원)
2025-11,2,S000712,상주(영덕)휴게소,0001,010_편의점,1200070143,곶감_8구380g
2025-11,3,S000712,상주(영덕)휴게소,0001,010_편의점,1200000104,감말랭이
2025-11,4,S000712,상주(영덕)휴게소,0001,010_편의점,1200021270,에쎄체인지(1mg)
2025-11,5,S000712,상주(영덕)휴게소,0001,010_편의점,1200001320,T.O.P
2025-11,1,S000713,면천(대전)휴게소,0003,한식/우동/라면,1100023647,치즈돈가스
2025-11,2,S000713,면천(대전)휴게소,0003,한식/우동/라면,1100000810,전주식비빔밥
2025-11,3,S000713,면천(대전)휴게소,0003,한식/우동/라면,1100032662,떡라면(4000)
2025-11,4,S000713,면천(대전)휴게소,0003,한식/우동/라면,1100039137,소고기국밥(8900)
2025-11,5,S000713,면천(대전)휴게소,0003,한식/우동/라면,1100019251,어묵우동
2025-11,1,S000714,면천(당진)휴게소,0003,한식/우동/라면,1100039137,소고기국밥(8900)
2025-11,2,S000714,면천(당진)휴게소,0003,한식/우동/라면,1100023647,치즈돈가스
2025-11,3,S000714,면천(당진)휴게소,0003,한식/우동/라면,1100000810,전주식비빔밥
2025-11,4,S000714,면천(당진)휴게소,0003,한식/우동/라면,1100019251,어묵우동
2025-11,5,S000714,면천(당진)휴게소,0003,한식/우동/라면,1100025249,의성마늘라면콤보
2025-11,1,S000715,안성(서울)휴게소,0033,과일매장,1300013168,농축수산물(의류잡화요율)_10000
2025-11,2,S000715,안성(서울)휴게소,0038,식당(한우국밥),1100001942,한우국밥
2025-11,3,S000715,안성(서울)휴게소,0010,외부매장(호두과자),1100012250,호두과자
2025-11,4,S000715,안성(서울)휴게소,0022,식당(곰작골),1100034483,장터국밥
2025-11,5,S000715,안성(서울)휴게소,0004,식당(양식),1100024887,왕돈가스
2025-11,1,S000716,관촌(전주)휴게소,0001,(이마트24),1100037487,e시즌)핫아메리카노(무인)
2025-11,2,S000716,관촌(전주)휴게소,0001,(이마트24),1200027833,꽃보다오징어
2025-11,3,S000716,관촌(전주)휴게소,0001,(이마트24),1200021124,4500담배
2025-11,4,S000716,관촌(전주)휴게소,0001,(이마트24),1200060738,제주삼다수500
2025-11,5,S000716,관촌(전주)휴게소,0001,(이마트24),1200062195,졸음껌용기
2025-11,1,S000717,관촌(광양)휴게소,0001,(이마트24),1100037487,e시즌)핫아메리카노(무인)
2025-11,2,S000717,관촌(광양)휴게소,0001,(이마트24),1200060738,제주삼다수500
2025-11,3,S000717,관촌(광양)휴게소,0001,(이마트24),1200021124,4500담배
2025-11,4,S000717,관촌(광양)휴게소,0001,(이마트24),1200065073,TOP마스터라떼275
2025-11,5,S000717,관촌(광양)휴게소,0001,(이마트24),1200027833,꽃보다오징어
2025-11,1,S000718,완주(익산)휴게소,0001,(이마트24),1100037491,e시즌)핫아메리카노(무인)
2025-11,2,S000718,완주(익산)휴게소,0001,(이마트24),1200021124,4500담배
2025-11,3,S000718,완주(익산)휴게소,0001,(이마트24),1200040553,에쎄체인지히말라야
2025-11,4,S000718,완주(익산)휴게소,0001,(이마트24),1200074392,임시)종이용기
2025-11,5,S000718,완주(익산)휴게소,0001,(이마트24),1200021116,4500담배
2025-11,1,S000719,완주(장수)휴게소,0001,(이마트24),1100037487,e시즌)핫아메리카노(무인)
2025-11,2,S000719,완주(장수)휴게소,0001,(이마트24),1200021124,4500담배
2025-11,3,S000719,완주(장수)휴게소,0001,(이마트24),1200074392,임시)종이용기
2025-11,4,S000719,완주(장수)휴게소,0001,(이마트24),1200065073,TOP마스터라떼275
2025-11,5,S000719,완주(장수)휴게소,0001,(이마트24),1200044424,e)이프레소빅아이스컵230g
2025-11,1,S000720,여주(인천)휴게소,0048,식당(양식),1100036563,등심돈까스
2025-11,2,S000720,여주(인천)휴게소,0074,외부매장(호두과자),1100035954,호두과자6000 (여주)
2025-11,3,S000720,여주(인천)휴게소,0074,외부매장(호두과자),1100038187,호두과자3500
2025-11,4,S000720,여주(인천)휴게소,0051,식당(한식),1100000139,한우국밥
2025-11,5,S000720,여주(인천)휴게소,0044,곰작골나주곰탕,1100042247,곰탕)맑은나주곰탕
2025-11,1,S000721,남원(대구)휴게소,0001,편의점,1200062486,찰떡시모나
2025-11,2,S000721,남원(대구)휴게소,0001,편의점,1200061423,칸타타)아메캔275ml
2025-11,3,S000721,남원(대구)휴게소,0001,편의점,1200003174,칸타타)라떼캔275ml
2025-11,4,S000721,남원(대구)휴게소,0001,편의점,1200072937,바베큐오징어
2025-11,5,S000721,남원(대구)휴게소,0001,편의점,1200055096,맛동산 해태
2025-11,1,S000722,남원(광주)휴게소,0001,편의점,1200062489,부라보콘
2025-11,2,S000722,남원(광주)휴게소,0001,편의점,1200062486,찰떡시모나
2025-11,3,S000722,남원(광주)휴게소,0001,편의점,1200062494,시폰롤케이크
2025-11,4,S000722,남원(광주)휴게소,0001,편의점,1200072937,바베큐오징어
2025-11,5,S000722,남원(광주)휴게소,0001,편의점,1200061423,칸타타)아메캔275ml
2025-11,1,S000723,선산(양평)휴게소,0028,식당가(한식),1100042374,육개장(10000)
2025-11,2,S000723,선산(양평)휴게소,0028,식당가(한식),1100043001,뚝배기불고기_망향
2025-11,3,S000723,선산(양평)휴게소,0028,식당가(한식),1100037586,스지고기설렁탕
2025-11,4,S000723,선산(양평)휴게소,0027,외부매장(핫바),1100036078,소떡소떡
2025-11,5,S000723,선산(양평)휴게소,0027,외부매장(핫바),1100030860,프리미엄오동통바(순한맛)
2025-11,1,S000724,횡성(인천)휴게소,0007,한식전문점,1100014296,한우국밥
2025-11,2,S000724,횡성(인천)휴게소,0032,임시가판매장,1100042643,뻥튀기5000(임시가판)
2025-11,3,S000724,횡성(인천)휴게소,0008,양식전문점,1100044496,왕등심돈가스
2025-11,4,S000724,횡성(인천)휴게소,0022,호두과자코너,1100017786,호두과자6000
2025-11,5,S000724,횡성(인천)휴게소,0032,임시가판매장,1100020867,군밤5000(임시가판)
2025-11,1,S000725,선산(창원)휴게소,0025,아띠몽,1100044085,아띠몽호두과자(10入)
2025-11,2,S000725,선산(창원)휴게소,0011,한식당,1100023738,해물순두부찌개
2025-11,3,S000725,선산(창원)휴게소,0010,팔팔면집,1100013640,떡라면
2025-11,4,S000725,선산(창원)휴게소,0011,한식당,1100001221,불고기나물비빔밥
2025-11,5,S000725,선산(창원)휴게소,0010,팔팔면집,1100030881,부산어묵우동
2025-11,1,S000726,서산(목포)휴게소,0018,네파,1300007589,(신)네파100000
2025-11,2,S000726,서산(목포)휴게소,0018,네파,1300000319,(신)네파10000
2025-11,3,S000726,서산(목포)휴게소,0005,한식,1100027553,순두부찌개
2025-11,4,S000726,서산(목포)휴게소,0016,호두과자,1100035951,우리밀호두과자6000
2025-11,5,S000726,서산(목포)휴게소,0005,한식,1100022135,우거지국밥
2025-11,1,S000727,강천산(대구)휴게소,0006,한식,1100033309,순두부찌개
2025-11,2,S000727,강천산(대구)휴게소,0012,로띠번,1100017239,로띠번
2025-11,3,S000727,강천산(대구)휴게소,0012,로띠번,1100011217,로띠번HOT아메리카노(회색)
2025-11,4,S000727,강천산(대구)휴게소,0008,양식,1100033315,흑돈가스
2025-11,5,S000727,강천산(대구)휴게소,0015,리던커피,1100005376,(리던)HOT아메리카노
2025-11,1,S000728,강천산(광주)휴게소,0010,신가네정읍국밥,1100039990,신가네정읍국밥
2025-11,2,S000728,강천산(광주)휴게소,0007,한식,1100017964,순창고추장돌솥비빔밥
2025-11,3,S000728,강천산(광주)휴게소,0017,로띠번,1100017239,(로띠번)로띠번
2025-11,4,S000728,강천산(광주)휴게소,0007,한식,1100033309,순두부찌개
2025-11,5,S000728,강천산(광주)휴게소,0012,열린,1100038881,성북당십원빵
2025-11,1,S000729,춘천(부산)휴게소,0007,코너커피,1100025814,아메리카노(ICE)
2025-11,2,S000729,춘천(부산)휴게소,0007,코너커피,1100029783,아메리카노(HOT)
2025-11,3,S000729,춘천(부산)휴게소,0003,한식당,1100022675,순두부찌개
2025-11,4,S000729,춘천(부산)휴게소,0004,우동,1100002277,꼬치어묵우동
2025-11,5,S000729,춘천(부산)휴게소,0004,우동,1100044062,유부우동
2025-11,1,S000730,영덕(영덕)휴게소,0005,투썸플레이스,1100044872,T투썸_아메리카노R
2025-11,2,S000730,영덕(영덕)휴게소,0002,영덕반상,1100040003,왕등심돈가스
2025-11,3,S000730,영덕(영덕)휴게소,0008,호두과자,1100006245,호두과자  6000(20개)
2025-11,4,S000730,영덕(영덕)휴게소,0002,영덕반상,1100000644,돼지고기김치찌개
2025-11,5,S000730,영덕(영덕)휴게소,0005,투썸플레이스,1100044865,T투썸_I아메리카노R
2025-11,1,S000731,포항(포항)휴게소,0002,포항반상,1100040003,왕등심돈가스
2025-11,2,S000731,포항(포항)휴게소,0005,투썸플레이스,1100044872,T투썸_아메리카노R
2025-11,3,S000731,포항(포항)휴게소,0008,호두과자,1100006245,호두과자  6000(20개)
2025-11,4,S000731,포항(포항)휴게소,0008,호두과자,1100006256,(알뜰)호두과자(10개)
2025-11,5,S000731,포항(포항)휴게소,0002,포항반상,1100000644,돼지고기김치찌개
2025-11,1,S000732,김제(전주)휴게소,0001,한식,1100044101,김제한우장터국밥
2025-11,2,S000732,김제(전주)휴게소,0013,파스쿠찌,1100044473,P아메리카노
2025-11,3,S000732,김제(전주)휴게소,0017,스낵엔조잇,1100027190,우리밀 호두과자 (12알)
2025-11,4,S000732,김제(전주)휴게소,0001,한식,1100038884,양평서울한우해장국
2025-11,5,S000732,김제(전주)휴게소,0002,양식,1100045818,남산왕돈까스
2025-11,1,S000733,김제(새만금)휴게소,0014,사과당/외부카페,1100047133,오리지널 사과파이
2025-11,2,S000733,김제(새만금)휴게소,0002,양식,1100045818,남산왕돈까스
2025-11,3,S000733,김제(새만금)휴게소,0001,한식,1100044101,김제한우장터국밥
2025-11,4,S000733,김제(새만금)휴게소,0013,간식탐구/호두과자,1100027190,호도과자(중)
2025-11,5,S000733,김제(새만금)휴게소,0018,파스쿠찌,1100044473,P아메리카노
